0.2271419,0.20804,3.814367,0.235476,0.4486851,3.729876,0.2415051,0.6845866,3.634943,0.2178897,0.7971264,3.60299,0.1103944,0.6179678,3.714761,0.09215341,0.4149337,3.796207,0.07563571,0.2135279,3.815763,0.07535422,0.1583627,3.807688,0.357179,0.5893844,3.61103,0.4016747,0.3829909,3.665851,0.3738826,0.1707331,3.66121,0.3524292,0.09986966,3.665462,0.1710923,0.2101276,3.801168,0.2025919,-0.09835383,3.925746,0.2568591,-0.4117293,4.085197,0.2712089,-0.4905998,4.039114,0.2793954,0.2025702,3.766059,0.336624,-0.1051834,3.849355,0.3612616,-0.4228312,4.006064,0.3120216,-0.4713263,4.027354,0.240151,0.6263289,3.66066,0.06029188,0.0898775,3.803262,0.04409818,0.1472124,3.7925,0.3385862,0.03832485,3.662218,0.3708682,0.07890981,3.6454290,0,0,0,0,0,0,0,0,0,0,0,0,0,0,0,0,0,0,0,0,0,0,0,0,0,0,0,0,0,0,0,0,0,0,0,0,0,0,0,0,0,0,0,0,0,0,0,0,0,0,0,0,0,0,0,0,0,0,0,0,0,0,0,0,0,0,0,0,0,0,0,0,0,0
0.2269314,0.2079902,3.814373,0.2354342,0.4486884,3.729945,0.2417547,0.684673,3.635312,0.2181495,0.7974868,3.604042,0.1110876,0.618802,3.71314,0.09217276,0.4162311,3.795421,0.07473838,0.2136197,3.815018,0.07281632,0.1577941,3.815244,0.3571316,0.5892221,3.61113,0.4007253,0.3799076,3.667286,0.3750536,0.1701407,3.662842,0.358365,0.10018,3.675171,0.170754,0.210084,3.80105,0.2075489,-0.1180733,3.936987,0.2564844,-0.4128773,4.085719,0.2352891,-0.4922514,4.06425,0.2792614,0.2025128,3.766158,0.3355277,-0.1083817,3.853536,0.3563643,-0.4165232,4.013465,0.3120589,-0.4735967,4.02701,0.2402787,0.6263826,3.660904,0.06644045,0.09413929,3.806352,0.04355016,0.1296672,3.793546,0.343264,0.03793234,3.669359,0.3741787,0.0581716,3.6521670,0,0,0,0,0,0,0,0,0,0,0,0,0,0,0,0,0,0,0,0,0,0,0,0,0,0,0,0,0,0,0,0,0,0,0,0,0,0,0,0,0,0,0,0,0,0,0,0,0,0,0,0,0,0,0,0,0,0,0,0,0,0,0,0,0,0,0,0,0,0,0,0,0,0
0.2264568,0.2075524,3.815471,0.2351073,0.4486968,3.73098,0.2417385,0.6851152,3.636486,0.2185837,0.7978142,3.605689,0.11204,0.6186397,3.712421,0.09206439,0.4164602,3.795293,0.07265965,0.2137263,3.815791,0.07211746,0.1552484,3.819884,0.3583113,0.5886705,3.614828,0.3996774,0.3787095,3.670461,0.3770846,0.1703015,3.667256,0.3611641,0.1002755,3.684044,0.1701019,0.2096166,3.801693,0.2066771,-0.1152617,3.936379,0.2564898,-0.4109466,4.08717,0.2509797,-0.4928041,4.061487,0.2790397,0.2020961,3.767993,0.3353393,-0.1089806,3.855123,0.3609995,-0.4170365,4.015544,0.3152726,-0.4726092,4.029786,0.2401891,0.6267083,3.662013,0.059258,0.09200211,3.814798,0.03789137,0.1244302,3.793,0.3462642,0.03677488,3.673216,0.3805844,0.07216417,3.66910,0,0,0,0,0,0,0,0,0,0,0,0,0,0,0,0,0,0,0,0,0,0,0,0,0,0,0,0,0,0,0,0,0,0,0,0,0,0,0,0,0,0,0,0,0,0,0,0,0,0,0,0,0,0,0,0,0,0,0,0,0,0,0,0,0,0,0,0,0,0,0,0,0,0
0.2250095,0.2070405,3.81461,0.2344052,0.4483102,3.730562,0.2416212,0.6848846,3.636369,0.2186558,0.7966253,3.605602,0.1108133,0.6179783,3.714654,0.09157574,0.4149244,3.795872,0.07166699,0.2132009,3.813969,0.06911888,0.1465662,3.812102,0.3586208,0.5880923,3.613914,0.399742,0.3778601,3.668895,0.3783774,0.17073,3.666374,0.3634517,0.1015381,3.670435,0.1691572,0.2093846,3.801283,0.2055605,-0.1128696,3.93296,0.2566874,-0.4129247,4.08446,0.21998,-0.4741805,3.986329,0.2770289,0.2012222,3.766484,0.3345145,-0.1081443,3.852653,0.3601165,-0.4176257,4.015624,0.3146583,-0.4738272,4.029271,0.2399792,0.6264514,3.661845,0.0565298,0.08264019,3.804817,0.03276096,0.1506881,3.800667,0.3536546,0.03880183,3.667713,0.381128,0.08366187,3.6347860,0,0,0,0,0,0,0,0,0,0,0,0,0,0,0,0,0,0,0,0,0,0,0,0,0,0,0,0,0,0,0,0,0,0,0,0,0,0,0,0,0,0,0,0,0,0,0,0,0,0,0,0,0,0,0,0,0,0,0,0,0,0,0,0,0,0,0,0,0,0,0,0,0,0
0.2248549,0.2067612,3.814529,0.2344243,0.4481492,3.730659,0.2420942,0.6846562,3.636908,0.218822,0.7964439,3.606433,0.1093151,0.6167089,3.717738,0.09094926,0.412811,3.797342,0.06938407,0.2136653,3.814146,0.06728347,0.155791,3.819384,0.3591594,0.5874716,3.614576,0.3998202,0.3769999,3.669115,0.3861797,0.1537609,3.66876,0.3682785,0.08666944,3.678104,0.1689204,0.2090708,3.80119,0.2054526,-0.1127334,3.932935,0.2561258,-0.412681,4.084467,0.2190319,-0.4738511,3.98645,0.2769633,0.2009979,3.76642,0.3343689,-0.1082558,3.852957,0.3581435,-0.4187768,4.016595,0.3138393,-0.4756604,4.030406,0.2402826,0.6262432,3.66222,0.05788174,0.09479657,3.809961,0.03338634,0.1428209,3.806222,0.3603619,0.02846002,3.680712,0.3893587,0.06603201,3.65050,0,0,0,0,0,0,0,0,0,0,0,0,0,0,0,0,0,0,0,0,0,0,0,0,0,0,0,0,0,0,0,0,0,0,0,0,0,0,0,0,0,0,0,0,0,0,0,0,0,0,0,0,0,0,0,0,0,0,0,0,0,0,0,0,0,0,0,0,0,0,0,0,0,0
0.224859,0.2067335,3.814368,0.2343826,0.4482237,3.730595,0.2420321,0.6849495,3.636904,0.219082,0.7970201,3.606609,0.1089886,0.6169984,3.718251,0.09042601,0.4129615,3.797525,0.06942212,0.2136573,3.814164,0.06480972,0.1543068,3.81839,0.3595016,0.5874966,3.614745,0.399797,0.3769828,3.669378,0.3880466,0.1540461,3.670658,0.3706428,0.08600163,3.67952,0.1689013,0.2090702,3.800866,0.1946544,-0.06139389,3.894788,0.2550923,-0.408793,4.081708,0.217972,-0.4699755,3.983692,0.2769853,0.200967,3.766361,0.3342923,-0.1089666,3.853383,0.3535371,-0.4195464,4.01969,0.3114367,-0.4789841,4.031889,0.2402295,0.6264636,3.662196,0.04858827,0.09129463,3.816137,0.03223186,0.1347029,3.805444,0.3674122,0.02942491,3.681781,0.3938963,0.06600375,3.6553330,0,0,0,0,0,0,0,0,0,0,0,0,0,0,0,0,0,0,0,0,0,0,0,0,0,0,0,0,0,0,0,0,0,0,0,0,0,0,0,0,0,0,0,0,0,0,0,0,0,0,0,0,0,0,0,0,0,0,0,0,0,0,0,0,0,0,0,0,0,0,0,0,0,0
0.2256954,0.2064985,3.813406,0.2347645,0.4484433,3.729989,0.2423117,0.6856162,3.636377,0.2191491,0.7975334,3.60675,0.1093468,0.6172432,3.717822,0.0900977,0.41353,3.797649,0.06934847,0.2140786,3.813821,0.06261519,0.1531645,3.818897,0.3591059,0.5882278,3.614723,0.4000336,0.3778391,3.669357,0.3900394,0.1545911,3.672326,0.3764969,0.0865536,3.681821,0.1697626,0.2086286,3.799688,0.191636,-0.06105415,3.895938,0.2562454,-0.4080496,4.082245,0.2191652,-0.4692236,3.984191,0.2778362,0.2009248,3.765583,0.3343669,-0.109013,3.853424,0.3543614,-0.4269344,4.021323,0.3074299,-0.4775693,4.040294,0.2405342,0.6270044,3.661664,0.04626332,0.09333714,3.816484,0.03025985,0.1694151,3.812875,0.3704599,0.02846525,3.681209,0.3993763,0.0726573,3.6547780,0,0,0,0,0,0,0,0,0,0,0,0,0,0,0,0,0,0,0,0,0,0,0,0,0,0,0,0,0,0,0,0,0,0,0,0,0,0,0,0,0,0,0,0,0,0,0,0,0,0,0,0,0,0,0,0,0,0,0,0,0,0,0,0,0,0,0,0,0,0,0,0,0,0
0.2261798,0.2061795,3.813047,0.2349447,0.4483697,3.730021,0.2425414,0.6856529,3.636813,0.2193977,0.7978674,3.607383,0.1093545,0.6174386,3.717721,0.08977835,0.4142914,3.798667,0.06843217,0.2133478,3.814284,0.06207303,0.1554416,3.822484,0.3598967,0.5882304,3.61608,0.4010086,0.3777137,3.670215,0.3929284,0.1605919,3.675055,0.3798378,0.09382457,3.689004,0.1701777,0.2082481,3.79911,0.2118649,-0.1293634,3.940342,0.2624667,-0.4133481,4.086057,0.2521312,-0.4942846,4.066854,0.2784371,0.2006529,3.765411,0.3351446,-0.1175262,3.861385,0.3509369,-0.4285678,4.030157,0.3069288,-0.4893027,4.038257,0.2407455,0.6270074,3.661955,0.04630771,0.09340519,3.819372,0.02969459,0.1415984,3.8069,0.3761218,0.03148551,3.691457,0.3989915,0.08002353,3.6622140,0,0,0,0,0,0,0,0,0,0,0,0,0,0,0,0,0,0,0,0,0,0,0,0,0,0,0,0,0,0,0,0,0,0,0,0,0,0,0,0,0,0,0,0,0,0,0,0,0,0,0,0,0,0,0,0,0,0,0,0,0,0,0,0,0,0,0,0,0,0,0,0,0,0
0.2273875,0.2055148,3.81188,0.2357035,0.4480571,3.729732,0.2432004,0.6855165,3.637051,0.2195389,0.7981284,3.607429,0.1106854,0.6184291,3.715577,0.08962327,0.4162914,3.798302,0.06676002,0.2151125,3.814395,0.06019982,0.153433,3.82102,0.3605759,0.587862,3.615891,0.4045734,0.3823415,3.671149,0.3958778,0.163669,3.675334,0.3811889,0.09449258,3.683696,0.1711432,0.2074846,3.797849,0.178898,-0.06016325,3.89979,0.256837,-0.4073273,4.080939,0.2205942,-0.4685044,3.982447,0.279915,0.2001161,3.764355,0.3369834,-0.1121988,3.854206,0.3553444,-0.4213419,4.021268,0.3147566,-0.4817806,4.033366,0.2414049,0.6268445,3.662072,0.04763216,0.09307138,3.822158,0.02925887,0.1728641,3.813616,0.3818625,0.03086867,3.682777,0.4024202,0.08547749,3.6561250,0,0,0,0,0,0,0,0,0,0,0,0,0,0,0,0,0,0,0,0,0,0,0,0,0,0,0,0,0,0,0,0,0,0,0,0,0,0,0,0,0,0,0,0,0,0,0,0,0,0,0,0,0,0,0,0,0,0,0,0,0,0,0,0,0,0,0,0,0,0,0,0,0,0
0.2277923,0.2052288,3.811052,0.2360231,0.447992,3.72941,0.2434915,0.6855915,3.637036,0.2196085,0.7979276,3.607404,0.1111298,0.6190875,3.715667,0.08959574,0.4170169,3.798434,0.06615835,0.2151121,3.814664,0.05821361,0.1527481,3.821991,0.3607566,0.5876177,3.615786,0.4055432,0.3814072,3.671671,0.3977567,0.1693361,3.675567,0.3848918,0.1003814,3.68623,0.1714992,0.2073568,3.797236,0.20386,-0.1051365,3.920821,0.2598537,-0.4165632,4.083611,0.2234396,-0.4776179,3.985148,0.2803653,0.1996605,3.763312,0.3369184,-0.1096083,3.851593,0.3311238,-0.432722,4.044909,0.2941704,-0.4936342,3.946502,0.2416929,0.6268908,3.662,0.04594211,0.09261833,3.823675,0.02760918,0.1741882,3.808,0.3819545,0.03950019,3.683777,0.4098549,0.09431627,3.6669170,0,0,0,0,0,0,0,0,0,0,0,0,0,0,0,0,0,0,0,0,0,0,0,0,0,0,0,0,0,0,0,0,0,0,0,0,0,0,0,0,0,0,0,0,0,0,0,0,0,0,0,0,0,0,0,0,0,0,0,0,0,0,0,0,0,0,0,0,0,0,0,0,0,0
0.2283655,0.2046735,3.810858,0.2364698,0.4475736,3.729855,0.2440483,0.6851652,3.63899,0.220161,0.7977491,3.608372,0.1111303,0.618068,3.71482,0.08958122,0.4169671,3.799513,0.06614102,0.2152772,3.815398,0.06114397,0.1541832,3.82887,0.3618415,0.5873743,3.616974,0.4085032,0.3869278,3.675652,0.3990657,0.1695257,3.67834,0.3864846,0.1019341,3.694212,0.1717976,0.2066358,3.796568,0.2025714,-0.1032826,3.921239,0.2573505,-0.4131277,4.08505,0.2216868,-0.4741861,3.986195,0.2814557,0.1991085,3.763588,0.3370559,-0.1090644,3.851674,0.3336763,-0.4203888,4.03901,0.2974316,-0.4813645,3.940205,0.2422397,0.626461,3.663462,0.05014008,0.09192768,3.829408,0.03161238,0.1775023,3.818875,0.3881499,0.04091162,3.695426,0.4092613,0.09953912,3.6766670,0,0,0,0,0,0,0,0,0,0,0,0,0,0,0,0,0,0,0,0,0,0,0,0,0,0,0,0,0,0,0,0,0,0,0,0,0,0,0,0,0,0,0,0,0,0,0,0,0,0,0,0,0,0,0,0,0,0,0,0,0,0,0,0,0,0,0,0,0,0,0,0,0,0
0.2299269,0.2042369,3.810261,0.2372687,0.4477598,3.729765,0.2445825,0.6859776,3.639238,0.2203372,0.797983,3.608588,0.1110336,0.6185389,3.715522,0.08947732,0.4172852,3.799913,0.06388232,0.2153992,3.818461,0.05929168,0.152361,3.830538,0.363245,0.5880767,3.617605,0.409917,0.3853009,3.677105,0.3997563,0.1702109,3.681072,0.3847252,0.1021722,3.695672,0.1729023,0.2061504,3.796157,0.2084447,-0.1229136,3.934547,0.2575047,-0.4132533,4.085329,0.2220048,-0.4742967,3.986377,0.2834528,0.1988307,3.762817,0.3371269,-0.1077593,3.851135,0.3384993,-0.4222549,4.035793,0.3023823,-0.4832006,3.936896,0.2428263,0.6270824,3.663631,0.04644418,0.09281585,3.834711,0.03032195,0.1681184,3.820841,0.3868614,0.03975644,3.697345,0.4055872,0.1064222,3.6722940,0,0,0,0,0,0,0,0,0,0,0,0,0,0,0,0,0,0,0,0,0,0,0,0,0,0,0,0,0,0,0,0,0,0,0,0,0,0,0,0,0,0,0,0,0,0,0,0,0,0,0,0,0,0,0,0,0,0,0,0,0,0,0,0,0,0,0,0,0,0,0,0,0,0
0.2306681,0.2040104,3.809615,0.2379585,0.4478892,3.729155,0.2451701,0.686544,3.63862,0.2206312,0.7974336,3.608526,0.1113623,0.6184157,3.715223,0.08953244,0.4173245,3.799878,0.06419972,0.2151286,3.818299,0.05998112,0.1524769,3.825829,0.3633659,0.5879386,3.617372,0.4113232,0.3842426,3.678093,0.4005399,0.1702976,3.681173,0.3866827,0.1019063,3.692638,0.1738752,0.2057863,3.795403,0.1966728,-0.1008907,3.922966,0.2557026,-0.411287,4.084198,0.2406677,-0.4916516,4.064875,0.2839419,0.1987471,3.762309,0.3371337,-0.1079663,3.851088,0.3418157,-0.4257725,4.03315,0.3056642,-0.4866852,3.934253,0.2434394,0.6275384,3.663045,0.04667459,0.09223641,3.834917,0.02999829,0.1338796,3.815667,0.3899586,0.04030233,3.691503,0.4114318,0.08041789,3.6810,0,0,0,0,0,0,0,0,0,0,0,0,0,0,0,0,0,0,0,0,0,0,0,0,0,0,0,0,0,0,0,0,0,0,0,0,0,0,0,0,0,0,0,0,0,0,0,0,0,0,0,0,0,0,0,0,0,0,0,0,0,0,0,0,0,0,0,0,0,0,0,0,0,0
0.231254,0.2040731,3.808796,0.2383775,0.4479964,3.728735,0.2453816,0.6866894,3.638486,0.2208255,0.7978098,3.608281,0.1114162,0.6189712,3.71513,0.08961372,0.4177768,3.799592,0.0647756,0.2148335,3.818344,0.06238763,0.1491915,3.829808,0.3633091,0.5881075,3.617165,0.4123623,0.3831013,3.678446,0.4017629,0.1708038,3.681127,0.3885419,0.102921,3.688839,0.1743918,0.2058593,3.794957,0.2059044,-0.1147058,3.926243,0.2587986,-0.411454,4.085277,0.2395497,-0.490859,4.067359,0.2845476,0.1988225,3.761022,0.3365793,-0.109461,3.852089,0.3367084,-0.4265631,4.039758,0.3005243,-0.4874427,3.940859,0.2436995,0.6276853,3.662864,0.04936826,0.09188067,3.838816,0.03067887,0.1443209,3.815095,0.3860135,0.03984506,3.696069,0.4083452,0.08600218,3.6711470,0,0,0,0,0,0,0,0,0,0,0,0,0,0,0,0,0,0,0,0,0,0,0,0,0,0,0,0,0,0,0,0,0,0,0,0,0,0,0,0,0,0,0,0,0,0,0,0,0,0,0,0,0,0,0,0,0,0,0,0,0,0,0,0,0,0,0,0,0,0,0,0,0,0
0.2313572,0.2040356,3.807844,0.2391091,0.4478955,3.727954,0.2469446,0.6865627,3.637829,0.2215723,0.7973635,3.607289,0.1123723,0.6212131,3.712233,0.09008031,0.4207374,3.798027,0.06609942,0.2158639,3.818772,0.06402883,0.1523636,3.82414,0.3639635,0.5880553,3.616159,0.412967,0.3824279,3.677822,0.4026192,0.171005,3.679628,0.3892355,0.1041224,3.687702,0.1745714,0.2059758,3.793888,0.2058288,-0.1147108,3.926174,0.2601983,-0.4168998,4.083683,0.238693,-0.495008,4.070129,0.284561,0.1986741,3.760216,0.3369265,-0.1106067,3.851497,0.3410858,-0.4312126,4.034006,0.329276,-0.5124179,4.009477,0.2450291,0.6275781,3.662186,0.05168206,0.09196054,3.827975,0.03277265,0.1398815,3.818349,0.3826199,0.0402491,3.685538,0.4106417,0.0964675,3.6665340,0,0,0,0,0,0,0,0,0,0,0,0,0,0,0,0,0,0,0,0,0,0,0,0,0,0,0,0,0,0,0,0,0,0,0,0,0,0,0,0,0,0,0,0,0,0,0,0,0,0,0,0,0,0,0,0,0,0,0,0,0,0,0,0,0,0,0,0,0,0,0,0,0,0
0.2313121,0.2038666,3.808036,0.2391881,0.4474381,3.728355,0.2471138,0.6857436,3.638555,0.221582,0.7969658,3.607445,0.1131524,0.6200464,3.711932,0.09011568,0.4199986,3.798384,0.067176,0.2132503,3.822256,0.06543417,0.1473937,3.832846,0.3647755,0.5884143,3.615944,0.4129369,0.3824053,3.678221,0.4028175,0.1713709,3.680098,0.3882745,0.1053929,3.691906,0.1745073,0.2058764,3.793987,0.186303,-0.06086127,3.897269,0.2522699,-0.4074756,4.083828,0.2171931,-0.4685085,3.984623,0.2845398,0.1984201,3.760561,0.3366791,-0.1102595,3.851396,0.3499012,-0.4225457,4.025241,0.3083489,-0.4840867,4.034656,0.2451881,0.6268634,3.662835,0.04896924,0.08490291,3.847548,0.03821383,0.1230709,3.825364,0.3935787,0.04109741,3.698637,0.4040965,0.08950556,3.6694420,0,0,0,0,0,0,0,0,0,0,0,0,0,0,0,0,0,0,0,0,0,0,0,0,0,0,0,0,0,0,0,0,0,0,0,0,0,0,0,0,0,0,0,0,0,0,0,0,0,0,0,0,0,0,0,0,0,0,0,0,0,0,0,0,0,0,0,0,0,0,0,0,0,0
0.2310958,0.2039632,3.80734,0.2393813,0.4473539,3.727662,0.2476923,0.6854994,3.637759,0.2221462,0.7969451,3.607056,0.1145507,0.6215671,3.710236,0.09061563,0.421885,3.797207,0.06787253,0.2131798,3.822297,0.06654347,0.1461567,3.831083,0.3659804,0.5878405,3.613926,0.4145268,0.3815425,3.675191,0.4041383,0.1715927,3.676057,0.3854212,0.1019177,3.677741,0.1743754,0.2060434,3.793329,0.209406,-0.12536,3.926671,0.2555871,-0.4072361,4.074489,0.2202366,-0.4682321,3.975373,0.2842157,0.1984588,3.759835,0.3354541,-0.1080349,3.848384,0.3411565,-0.4194808,4.026356,0.3051547,-0.4803568,3.9273,0.2456668,0.6266714,3.662085,0.05479044,0.08162552,3.83469,0.0349047,0.1349192,3.820567,0.3870583,0.04079559,3.685092,0.4078468,0.09918626,3.6585720,0,0,0,0,0,0,0,0,0,0,0,0,0,0,0,0,0,0,0,0,0,0,0,0,0,0,0,0,0,0,0,0,0,0,0,0,0,0,0,0,0,0,0,0,0,0,0,0,0,0,0,0,0,0,0,0,0,0,0,0,0,0,0,0,0,0,0,0,0,0,0,0,0,0
0.2306087,0.2039572,3.807754,0.2393581,0.4472859,3.727879,0.2479289,0.6853707,3.638018,0.2222833,0.7969505,3.607749,0.1173625,0.621911,3.714281,0.09178993,0.4213554,3.799166,0.06793618,0.21511,3.825634,0.06938597,0.1460399,3.841343,0.3665639,0.5882339,3.614546,0.4154291,0.3823757,3.676762,0.4000867,0.1723671,3.674605,0.3739785,0.1096034,3.678102,0.1740207,0.2060163,3.793586,0.1878781,-0.06094794,3.89623,0.2552366,-0.4097447,4.078464,0.2186639,-0.4705882,3.979826,0.2835495,0.1985023,3.760476,0.3360622,-0.1062359,3.847611,0.3421559,-0.4211797,4.028014,0.3049213,-0.4819073,3.929437,0.2458309,0.626565,3.66233,0.05961006,0.0843506,3.856261,0.04733257,0.1581165,3.831133,0.3781409,0.04291838,3.698956,0.3904687,0.09835248,3.6650,0,0,0,0,0,0,0,0,0,0,0,0,0,0,0,0,0,0,0,0,0,0,0,0,0,0,0,0,0,0,0,0,0,0,0,0,0,0,0,0,0,0,0,0,0,0,0,0,0,0,0,0,0,0,0,0,0,0,0,0,0,0,0,0,0,0,0,0,0,0,0,0,0,0
0.2301477,0.204111,3.807503,0.2385721,0.447737,3.727632,0.2464562,0.6864285,3.637797,0.2222773,0.7981439,3.607321,0.1165144,0.6233044,3.710284,0.09208571,0.4238934,3.797676,0.06982186,0.2160606,3.827169,0.06618945,0.152445,3.83556,0.3656393,0.5897784,3.613333,0.4350525,0.4054945,3.67821,0.4010901,0.2411695,3.658413,0.364055,0.1699614,3.656363,0.1733796,0.2063336,3.793258,0.2036111,-0.1113017,3.924725,0.2577328,-0.4116503,4.07959,0.221929,-0.4725753,3.980652,0.2832265,0.1985456,3.760289,0.3364916,-0.1052936,3.8468,0.3375783,-0.4216407,4.035182,0.3011681,-0.4824645,3.936299,0.2445822,0.6274425,3.662108,0.05720279,0.09415218,3.850038,0.04123832,0.1523847,3.828253,0.3460897,0.1076201,3.63621,0.3747827,0.1359901,3.6421670,0,0,0,0,0,0,0,0,0,0,0,0,0,0,0,0,0,0,0,0,0,0,0,0,0,0,0,0,0,0,0,0,0,0,0,0,0,0,0,0,0,0,0,0,0,0,0,0,0,0,0,0,0,0,0,0,0,0,0,0,0,0,0,0,0,0,0,0,0,0,0,0,0,0
0.2300033,0.2044784,3.807039,0.2387767,0.4479264,3.726748,0.2472231,0.6863487,3.636114,0.2228612,0.7983919,3.607057,0.1153744,0.6238154,3.70926,0.09219367,0.4246716,3.797444,0.07085445,0.2167663,3.827374,0.06882504,0.1517113,3.836413,0.3664627,0.589974,3.61297,0.4365871,0.4060527,3.675058,0.3502235,0.2029906,3.625758,0.3022892,0.156623,3.61405,0.1732154,0.2068546,3.792833,0.2033511,-0.1106429,3.924209,0.2589406,-0.4176015,4.078576,0.2235316,-0.4785702,3.979527,0.283095,0.1987859,3.75978,0.3363912,-0.1053359,3.846669,0.3417506,-0.4224598,4.026989,0.3057086,-0.483359,3.927995,0.2451864,0.6274575,3.660673,0.05713321,0.09406455,3.846149,0.05017259,0.1756012,3.826,0.2803577,0.1263289,3.615225,0.316066,0.1354653,3.61860,0,0,0,0,0,0,0,0,0,0,0,0,0,0,0,0,0,0,0,0,0,0,0,0,0,0,0,0,0,0,0,0,0,0,0,0,0,0,0,0,0,0,0,0,0,0,0,0,0,0,0,0,0,0,0,0,0,0,0,0,0,0,0,0,0,0,0,0,0,0,0,0,0,0
0.2310643,0.2050046,3.807096,0.2393747,0.4485749,3.726665,0.2474418,0.6872415,3.635947,0.2231616,0.7990888,3.60667,0.1151139,0.6232845,3.706081,0.0926534,0.4266207,3.798961,0.07504664,0.217673,3.835289,0.07105779,0.1530051,3.845585,0.3663953,0.5903563,3.611583,0.4399343,0.4105483,3.668086,0.3045365,0.2613907,3.585208,0.2574595,0.2379787,3.592087,0.1745786,0.2074876,3.792721,0.1877858,-0.06150162,3.891543,0.2563158,-0.4100077,4.07391,0.2215149,-0.4711126,3.974651,0.2838974,0.1992207,3.759979,0.3366095,-0.1033778,3.846246,0.3570638,-0.4239753,4.012251,0.3141071,-0.4793302,4.029271,0.2455066,0.628278,3.660529,0.06293856,0.09403467,3.844816,0.05352483,0.1965754,3.839889,0.222899,0.2057898,3.568025,0.2810584,0.2031597,3.62610,0,0,0,0,0,0,0,0,0,0,0,0,0,0,0,0,0,0,0,0,0,0,0,0,0,0,0,0,0,0,0,0,0,0,0,0,0,0,0,0,0,0,0,0,0,0,0,0,0,0,0,0,0,0,0,0,0,0,0,0,0,0,0,0,0,0,0,0,0,0,0,0,0,0
0.231437,0.2085087,3.807539,0.240036,0.4503682,3.72631,0.2482486,0.6881268,3.6351,0.2236489,0.7997272,3.606181,0.1151586,0.6242097,3.702469,0.09298026,0.4291913,3.798297,0.07724467,0.2179058,3.838189,0.07124795,0.154547,3.85424,0.3691738,0.5952743,3.611259,0.4393597,0.4309923,3.654598,0.304404,0.2757172,3.580941,0.2449092,0.3147312,3.567472,0.1748075,0.2096575,3.792838,0.2017624,-0.104766,3.922774,0.2586366,-0.418085,4.078737,0.2253389,-0.4793736,3.979,0.2844227,0.2043243,3.760912,0.33678,-0.103318,3.846261,0.3508278,-0.4234505,4.02008,0.312483,-0.4858459,4.031103,0.2462772,0.6293508,3.659807,0.06243464,0.09391607,3.860875,0.04567704,0.1039495,3.866,0.1908915,0.3067131,3.518406,0.2223905,0.2929387,3.57410,0,0,0,0,0,0,0,0,0,0,0,0,0,0,0,0,0,0,0,0,0,0,0,0,0,0,0,0,0,0,0,0,0,0,0,0,0,0,0,0,0,0,0,0,0,0,0,0,0,0,0,0,0,0,0,0,0,0,0,0,0,0,0,0,0,0,0,0,0,0,0,0,0,0
0.2322147,0.2109468,3.807932,0.2404924,0.4527855,3.725823,0.2483002,0.6905441,3.633664,0.2234451,0.8000553,3.605986,0.1132048,0.6242043,3.702887,0.09285657,0.4296088,3.799773,0.07847755,0.2197823,3.840089,0.07278694,0.1548637,3.860201,0.369613,0.5990988,3.610536,0.4223546,0.4176461,3.637215,0.2978732,0.2933906,3.567994,0.2700804,0.3672346,3.61504,0.175689,0.2114306,3.7931,0.2023902,-0.1055823,3.923057,0.2586527,-0.4180149,4.078827,0.2255597,-0.4794278,3.979111,0.2850042,0.2073708,3.761439,0.3372559,-0.1025162,3.846566,0.3506641,-0.4225825,4.023871,0.3114008,-0.4862097,4.031989,0.2464493,0.6317719,3.658625,0.06645698,0.09395783,3.87176,0.0474035,0.169074,3.864334,0.2513745,0.3870344,3.587173,0.2605807,0.3349393,3.62350,0,0,0,0,0,0,0,0,0,0,0,0,0,0,0,0,0,0,0,0,0,0,0,0,0,0,0,0,0,0,0,0,0,0,0,0,0,0,0,0,0,0,0,0,0,0,0,0,0,0,0,0,0,0,0,0,0,0,0,0,0,0,0,0,0,0,0,0,0,0,0,0,0,0
0.2333656,0.211476,3.806747,0.2413039,0.4523697,3.723074,0.2483642,0.6880667,3.627859,0.2238129,0.798615,3.602025,0.1116133,0.6242058,3.699683,0.09340718,0.4317037,3.800399,0.07990364,0.2177335,3.8533,0.06654079,0.1479025,3.877809,0.371162,0.6006134,3.605319,0.3909366,0.4101388,3.578498,0.2223266,0.342329,3.495353,0.1861979,0.4938198,3.45937,0.1768121,0.2122257,3.792529,0.2104923,-0.1292906,3.931314,0.2581805,-0.423358,4.076785,0.2250209,-0.4850129,3.977364,0.2862926,0.2075316,3.759316,0.3387064,-0.1033228,3.84581,0.3503444,-0.4248284,4.022537,0.317516,-0.4989348,4.011591,0.2467807,0.6299613,3.653732,0.07062441,0.09551714,3.881385,0.04611298,0.1259019,3.860571,0.1566014,0.5078027,3.444633,0.1710031,0.4867841,3.4344170,0,0,0,0,0,0,0,0,0,0,0,0,0,0,0,0,0,0,0,0,0,0,0,0,0,0,0,0,0,0,0,0,0,0,0,0,0,0,0,0,0,0,0,0,0,0,0,0,0,0,0,0,0,0,0,0,0,0,0,0,0,0,0,0,0,0,0,0,0,0,0,0,0,0
0.2340201,0.212323,3.807802,0.2418652,0.4524177,3.722961,0.2497302,0.687359,3.626524,0.2242357,0.7988722,3.601016,0.1116854,0.6254032,3.69627,0.09341528,0.4345903,3.79969,0.08069897,0.2200461,3.852044,0.066643,0.1536859,3.882372,0.3757678,0.6011238,3.612893,0.3753356,0.4089906,3.565891,0.2164009,0.3544987,3.494841,0.1637651,0.3367143,3.474489,0.1772014,0.2130976,3.793428,0.1895147,-0.05397748,3.896139,0.2524329,-0.4071286,4.072039,0.2228662,-0.4693674,3.971543,0.287234,0.2083101,3.760623,0.3401916,-0.1015869,3.846833,0.3370734,-0.4226114,4.033727,0.3220302,-0.5033897,4.010244,0.2478919,0.6295065,3.652791,0.06601872,0.09439725,3.880903,0.04664959,0.1536106,3.8745,0.1342233,0.3510833,3.459704,0.1486966,0.3305694,3.4494220,0,0,0,0,0,0,0,0,0,0,0,0,0,0,0,0,0,0,0,0,0,0,0,0,0,0,0,0,0,0,0,0,0,0,0,0,0,0,0,0,0,0,0,0,0,0,0,0,0,0,0,0,0,0,0,0,0,0,0,0,0,0,0,0,0,0,0,0,0,0,0,0,0,0
0.2389302,0.2187924,3.807631,0.244491,0.4560412,3.720553,0.2507829,0.6895239,3.622517,0.2239442,0.7988686,3.5998,0.1112954,0.6254083,3.695601,0.09349231,0.4357406,3.800871,0.07896485,0.2260313,3.855767,0.06847418,0.1631,3.89528,0.3712696,0.6007631,3.607725,0.3674389,0.4062156,3.563849,0.2113251,0.3562191,3.495464,0.1596231,0.3399312,3.476002,0.1826377,0.2200455,3.796464,0.1986048,-0.08528619,3.922679,0.2537244,-0.4169298,4.080751,0.222485,-0.4792829,3.981107,0.2920827,0.2149156,3.757399,0.3411176,-0.09966338,3.848053,0.3650815,-0.4134872,4.01399,0.3198171,-0.4725061,4.02886,0.2493056,0.6319322,3.649166,0.07115849,0.09622787,3.910259,0.04584751,0.1716056,3.881667,0.1300918,0.3542926,3.461217,0.1464605,0.3323068,3.4502440,0,0,0,0,0,0,0,0,0,0,0,0,0,0,0,0,0,0,0,0,0,0,0,0,0,0,0,0,0,0,0,0,0,0,0,0,0,0,0,0,0,0,0,0,0,0,0,0,0,0,0,0,0,0,0,0,0,0,0,0,0,0,0,0,0,0,0,0,0,0,0,0,0,0
0.2392807,0.218362,3.808766,0.245094,0.4556217,3.721331,0.251455,0.6889252,3.623199,0.2222772,0.7950864,3.59513,0.1108375,0.6251603,3.695619,0.09359903,0.4356845,3.80126,0.0788466,0.225853,3.857015,0.06523189,0.1609536,3.900184,0.3638259,0.5975409,3.598557,0.3541612,0.4065465,3.54827,0.1995606,0.3609063,3.483571,0.1483525,0.346073,3.465338,0.1834369,0.2191992,3.799045,0.1993789,-0.08712204,3.922698,0.2539493,-0.4173569,4.080736,0.2191496,-0.4793656,3.982374,0.2921116,0.2146767,3.757704,0.3416297,-0.09922545,3.848335,0.3666134,-0.4138699,4.012867,0.3195594,-0.4724621,4.028745,0.2499578,0.6313809,3.649825,0.06662291,0.1062326,3.913116,0.05223277,0.1673425,3.883,0.1188475,0.3604168,3.450554,0.1333697,0.3398699,3.4402730,0,0,0,0,0,0,0,0,0,0,0,0,0,0,0,0,0,0,0,0,0,0,0,0,0,0,0,0,0,0,0,0,0,0,0,0,0,0,0,0,0,0,0,0,0,0,0,0,0,0,0,0,0,0,0,0,0,0,0,0,0,0,0,0,0,0,0,0,0,0,0,0,0,0
0.2382594,0.2179976,3.815562,0.2446739,0.4554205,3.720888,0.2482681,0.6871721,3.609808,0.2181533,0.7929861,3.589147,0.1101136,0.6248554,3.696182,0.09468468,0.4361872,3.80328,0.07971615,0.2261939,3.859385,0.07005222,0.1563072,3.903164,0.3585386,0.5945064,3.594627,0.3473355,0.4102963,3.54788,0.1916585,0.3664241,3.483351,0.1400853,0.3521837,3.465174,0.1826375,0.2200918,3.808599,0.2011371,-0.09054768,3.924413,0.2581753,-0.4208086,4.079383,0.2215983,-0.483757,3.982834,0.2907215,0.2132294,3.762162,0.3432899,-0.09889632,3.851503,0.3537177,-0.422194,4.026077,0.3141615,-0.4812841,4.048795,0.2476671,0.6301157,3.641261,0.06877951,0.1060797,3.909933,0.05144528,0.1590331,3.890455,0.1106008,0.3665124,3.450391,0.1251497,0.3459458,3.4401120,0,0,0,0,0,0,0,0,0,0,0,0,0,0,0,0,0,0,0,0,0,0,0,0,0,0,0,0,0,0,0,0,0,0,0,0,0,0,0,0,0,0,0,0,0,0,0,0,0,0,0,0,0,0,0,0,0,0,0,0,0,0,0,0,0,0,0,0,0,0,0,0,0,0
0.2384344,0.2188034,3.816795,0.2444009,0.4530618,3.719036,0.2475774,0.6745325,3.601015,0.2107864,0.7761933,3.577989,0.1094257,0.6227008,3.696728,0.09540256,0.4344743,3.804634,0.07902302,0.2260341,3.860337,0.07433055,0.1595666,3.890998,0.3495063,0.5904486,3.587061,0.3421602,0.4124117,3.542191,0.1866537,0.3690469,3.477806,0.135133,0.3549784,3.459678,0.1847034,0.2235569,3.818568,0.2045074,-0.09533513,3.92587,0.2572665,-0.4206921,4.080181,0.2175205,-0.4840543,3.985803,0.2901817,0.2134057,3.760734,0.3443681,-0.09696453,3.85085,0.3595886,-0.4249611,4.016626,0.3117906,-0.4777645,4.041637,0.2469843,0.6202525,3.633464,0.0708115,0.1058781,3.913253,0.05392659,0.1872276,3.880857,0.1056601,0.3692989,3.444895,0.1202245,0.3487213,3.4346160,0,0,0,0,0,0,0,0,0,0,0,0,0,0,0,0,0,0,0,0,0,0,0,0,0,0,0,0,0,0,0,0,0,0,0,0,0,0,0,0,0,0,0,0,0,0,0,0,0,0,0,0,0,0,0,0,0,0,0,0,0,0,0,0,0,0,0,0,0,0,0,0,0,0
0.2393087,0.2187112,3.818246,0.2442825,0.4504497,3.716769,0.2461978,0.6703028,3.59537,0.2058514,0.7702567,3.568898,0.107902,0.6163699,3.697809,0.09685182,0.429557,3.808037,0.07843312,0.2271069,3.867582,0.07172561,0.1711653,3.893574,0.3493602,0.5903593,3.586588,0.3395856,0.4068607,3.550807,0.1842139,0.3639497,3.486382,0.1327351,0.3500264,3.468242,0.186318,0.2229405,3.822415,0.2086783,-0.1048327,3.930926,0.2584422,-0.4238677,4.081333,0.2191857,-0.4878337,3.987315,0.2903974,0.2132232,3.760257,0.3447251,-0.09670241,3.850994,0.3627877,-0.4249057,4.01274,0.3126414,-0.4774126,4.037454,0.2459137,0.6161048,3.628162,0.05897764,0.1154206,3.913544,0.05559785,0.1848881,3.883584,0.103269,0.364361,3.453456,0.117842,0.3438022,3.4431760,0,0,0,0,0,0,0,0,0,0,0,0,0,0,0,0,0,0,0,0,0,0,0,0,0,0,0,0,0,0,0,0,0,0,0,0,0,0,0,0,0,0,0,0,0,0,0,0,0,0,0,0,0,0,0,0,0,0,0,0,0,0,0,0,0,0,0,0,0,0,0,0,0,0
0.2423543,0.2161569,3.824654,0.243833,0.4453495,3.715723,0.2422876,0.6619318,3.589197,0.1964951,0.7581044,3.559791,0.1072631,0.6156832,3.697936,0.09936778,0.4295265,3.80933,0.07919836,0.2256905,3.873911,0.07343842,0.1590733,3.900859,0.3494098,0.5904232,3.586463,0.3392802,0.4070444,3.552195,0.1839142,0.364202,3.487846,0.1324369,0.3503016,3.469731,0.1878483,0.2212036,3.824841,0.2165518,-0.1185915,3.940138,0.2590428,-0.4232519,4.082555,0.2202304,-0.4883668,3.989491,0.2934652,0.2098249,3.766639,0.3452622,-0.09817388,3.853818,0.363427,-0.4240099,4.012016,0.3134651,-0.4757261,4.034912,0.2430445,0.6085979,3.623331,0.07118325,0.1016027,3.911459,0.05889087,0.1705648,3.886556,0.1029718,0.3646359,3.454945,0.1176785,0.3440638,3.4446060,0,0,0,0,0,0,0,0,0,0,0,0,0,0,0,0,0,0,0,0,0,0,0,0,0,0,0,0,0,0,0,0,0,0,0,0,0,0,0,0,0,0,0,0,0,0,0,0,0,0,0,0,0,0,0,0,0,0,0,0,0,0,0,0,0,0,0,0,0,0,0,0,0,0
0.2457497,0.2115966,3.831136,0.243191,0.4394483,3.715916,0.2385912,0.6560141,3.586523,0.1837925,0.7438316,3.545479,0.106239,0.6135833,3.695966,0.1022757,0.4266685,3.806423,0.08595891,0.2269031,3.879414,0.07818531,0.1684927,3.901798,0.3491841,0.5895039,3.58616,0.3406385,0.4217059,3.564942,0.1853337,0.379162,3.50081,0.1338769,0.3653733,3.482766,0.1923493,0.2155416,3.842211,0.2127227,-0.1000746,3.935414,0.2572521,-0.4210066,4.083027,0.2488655,-0.5027059,4.055815,0.2963243,0.2048407,3.766472,0.3451865,-0.1081509,3.860777,0.3532134,-0.41809,4.024756,0.3118598,-0.4804404,4.0331,0.2401155,0.6026911,3.621237,0.06256781,0.1144137,3.910258,0.05858645,0.1530285,3.905,0.1044099,0.379674,3.467984,0.1189808,0.3590712,3.4577090,0,0,0,0,0,0,0,0,0,0,0,0,0,0,0,0,0,0,0,0,0,0,0,0,0,0,0,0,0,0,0,0,0,0,0,0,0,0,0,0,0,0,0,0,0,0,0,0,0,0,0,0,0,0,0,0,0,0,0,0,0,0,0,0,0,0,0,0,0,0,0,0,0,0
0.2573489,0.1898033,3.847629,0.239974,0.4079025,3.720397,0.2173054,0.6128508,3.580518,0.1794273,0.727349,3.538054,0.09594394,0.5734597,3.705745,0.1021071,0.3932444,3.82506,0.09003434,0.2209501,3.887509,0.08483613,0.1717186,3.908766,0.3379304,0.5771856,3.578595,0.3402273,0.4097731,3.568606,0.1847203,0.3766576,3.504169,0.1331957,0.3660008,3.486025,0.2019473,0.1963893,3.867223,0.2049433,-0.08757448,3.931573,0.2564898,-0.450113,4.092309,0.2388391,-0.5269117,4.038538,0.3091379,0.1798925,3.7698,0.3467107,-0.1130266,3.866701,0.353211,-0.4175531,4.025405,0.3116492,-0.4803036,4.032845,0.2238959,0.5628986,3.617887,0.06927911,0.1170153,3.925858,0.06747357,0.1547699,3.905,0.1042099,0.3793895,3.471159,0.1183041,0.359697,3.4609670,0,0,0,0,0,0,0,0,0,0,0,0,0,0,0,0,0,0,0,0,0,0,0,0,0,0,0,0,0,0,0,0,0,0,0,0,0,0,0,0,0,0,0,0,0,0,0,0,0,0,0,0,0,0,0,0,0,0,0,0,0,0,0,0,0,0,0,0,0,0,0,0,0,0
0.2580872,0.1884632,3.851751,0.2377752,0.407953,3.720201,0.2074325,0.6201614,3.573548,0.1748003,0.7231025,3.531407,0.09473373,0.5746112,3.703372,0.1028545,0.3949221,3.8233,0.09204274,0.2180709,3.891951,0.09004428,0.1583277,3.922859,0.3340451,0.5677684,3.578122,0.341918,0.4007796,3.572555,0.1855378,0.3774872,3.507293,0.1337234,0.3700965,3.488874,0.201826,0.1962322,3.871258,0.2183955,-0.09489289,3.950109,0.2608455,-0.419408,4.084995,0.2556788,-0.5013252,4.053241,0.3105204,0.1776112,3.772748,0.3459559,-0.1175259,3.873543,0.3412271,-0.4151479,4.031787,0.3023633,-0.484973,3.943866,0.216052,0.5673069,3.613133,0.07796609,0.1055964,3.946401,0.06077319,0.1182119,3.93075,0.1043008,0.38423,3.474092,0.1188296,0.3637715,3.4638190,0,0,0,0,0,0,0,0,0,0,0,0,0,0,0,0,0,0,0,0,0,0,0,0,0,0,0,0,0,0,0,0,0,0,0,0,0,0,0,0,0,0,0,0,0,0,0,0,0,0,0,0,0,0,0,0,0,0,0,0,0,0,0,0,0,0,0,0,0,0,0,0,0,0
0.2589533,0.1883336,3.855966,0.2363064,0.4083797,3.719746,0.2036557,0.6233141,3.568012,0.1707541,0.7182754,3.520596,0.09464297,0.574527,3.703151,0.1058467,0.3942638,3.822137,0.1034115,0.1904738,3.904012,0.09708834,0.1307364,3.932171,0.3355494,0.5678233,3.579114,0.3416494,0.4009202,3.57652,0.1855783,0.3754564,3.51106,0.1338663,0.3673415,3.492576,0.2019366,0.1961135,3.871584,0.2132637,-0.08589089,3.94053,0.2621236,-0.4510942,4.096388,0.2604373,-0.5101128,4.008668,0.3125407,0.1778953,3.783537,0.3462922,-0.1220215,3.879773,0.3412391,-0.4214582,4.034662,0.3032185,-0.4919603,3.947129,0.2123746,0.569868,3.608731,0.1042868,0.07558434,3.949758,0.07801141,0.1299265,3.919125,0.1054854,0.3795246,3.477631,0.1189724,0.3610342,3.4675190,0,0,0,0,0,0,0,0,0,0,0,0,0,0,0,0,0,0,0,0,0,0,0,0,0,0,0,0,0,0,0,0,0,0,0,0,0,0,0,0,0,0,0,0,0,0,0,0,0,0,0,0,0,0,0,0,0,0,0,0,0,0,0,0,0,0,0,0,0,0,0,0,0,0
0.2630265,0.1906938,3.859115,0.2360635,0.4086664,3.719521,0.2018701,0.6233087,3.56597,0.1658978,0.7135315,3.516752,0.08929136,0.5804163,3.662992,0.1071272,0.4210395,3.805102,0.1027644,0.2216554,3.896167,0.1034276,0.1565997,3.92861,0.3355238,0.5665068,3.579174,0.3410664,0.3997436,3.57858,0.1850232,0.3750724,3.512837,0.1333198,0.3672205,3.494259,0.2045761,0.1990526,3.875826,0.236139,-0.1309554,3.971574,0.2644038,-0.4182821,4.088456,0.2627724,-0.5002484,4.055807,0.3176995,0.1795398,3.784127,0.3470337,-0.1228063,3.882661,0.3449324,-0.4177688,4.034345,0.316407,-0.4897537,3.943705,0.2109077,0.5701107,3.607019,0.09556515,0.1046957,3.947457,0.08751517,0.1512613,3.9253,0.1052896,0.3797613,3.479905,0.1184293,0.3609147,3.4692020,0,0,0,0,0,0,0,0,0,0,0,0,0,0,0,0,0,0,0,0,0,0,0,0,0,0,0,0,0,0,0,0,0,0,0,0,0,0,0,0,0,0,0,0,0,0,0,0,0,0,0,0,0,0,0,0,0,0,0,0,0,0,0,0,0,0,0,0,0,0,0,0,0,0
0.2633158,0.1918223,3.861104,0.2357068,0.4086234,3.719677,0.2014752,0.6222198,3.565694,0.1637398,0.7109782,3.518019,0.08649761,0.5824369,3.646768,0.1062423,0.4291117,3.794426,0.1030273,0.2319855,3.889857,0.1033655,0.1701946,3.938164,0.3354104,0.5649155,3.579582,0.3398538,0.3984787,3.582714,0.1840819,0.3696606,3.51701,0.1324674,0.3604245,3.498445,0.2043721,0.1998672,3.877289,0.2358709,-0.1305897,3.971381,0.265003,-0.4186785,4.089819,0.2411809,-0.4911667,3.998119,0.3183841,0.1806949,3.785626,0.345426,-0.1222205,3.887215,0.3634856,-0.4233358,4.021996,0.313619,-0.4764553,4.035206,0.21048,0.5694444,3.606809,0.09984507,0.1154264,3.945256,0.09753636,0.1994875,3.920556,0.1043455,0.3767746,3.483182,0.1175825,0.3541593,3.4733830,0,0,0,0,0,0,0,0,0,0,0,0,0,0,0,0,0,0,0,0,0,0,0,0,0,0,0,0,0,0,0,0,0,0,0,0,0,0,0,0,0,0,0,0,0,0,0,0,0,0,0,0,0,0,0,0,0,0,0,0,0,0,0,0,0,0,0,0,0,0,0,0,0,0
0.2661138,0.1943433,3.860582,0.2354517,0.4089759,3.718732,0.1996124,0.6208839,3.563518,0.159153,0.7077237,3.516237,0.08546477,0.5791436,3.640347,0.1077081,0.4314253,3.792639,0.1098159,0.236917,3.892777,0.1084568,0.1829665,3.932308,0.3351996,0.5640389,3.579156,0.3391343,0.3974209,3.580679,0.18344,0.3675649,3.51521,0.131851,0.3579821,3.496724,0.206243,0.2021448,3.877155,0.2182262,-0.081429,3.941852,0.264725,-0.4178034,4.087932,0.2565219,-0.4995764,4.059377,0.3223035,0.1835358,3.783926,0.3453319,-0.120906,3.887262,0.3340409,-0.415977,4.038117,0.3118239,-0.4888781,3.946265,0.2090243,0.5686842,3.604796,0.1043635,0.1243199,3.953588,0.0988015,0.216475,3.916857,0.1029903,0.3735192,3.482572,0.1170921,0.352052,3.4712380,0,0,0,0,0,0,0,0,0,0,0,0,0,0,0,0,0,0,0,0,0,0,0,0,0,0,0,0,0,0,0,0,0,0,0,0,0,0,0,0,0,0,0,0,0,0,0,0,0,0,0,0,0,0,0,0,0,0,0,0,0,0,0,0,0,0,0,0,0,0,0,0,0,0
0.2662235,0.1948891,3.860119,0.2346957,0.4091401,3.716828,0.1987157,0.6197499,3.560538,0.158373,0.7077797,3.515912,0.08090334,0.5729508,3.620224,0.1073102,0.4340924,3.779125,0.1118377,0.2443013,3.88704,0.1071098,0.1761379,3.941302,0.3351763,0.5638948,3.57912,0.3249973,0.3688879,3.584103,0.1697514,0.3264502,3.519866,0.1182988,0.3126464,3.501794,0.2057696,0.2037816,3.877708,0.2189305,-0.07982619,3.942183,0.2640889,-0.4175592,4.087498,0.3198759,-0.4748386,4.041396,0.3232642,0.1836038,3.780916,0.3446872,-0.1195656,3.887646,0.3316415,-0.4142466,4.043348,0.3162891,-0.4875144,3.950141,0.2080299,0.5678712,3.601863,0.1100445,0.1246231,3.963254,0.1045776,0.1245531,3.961,0.08887162,0.3270794,3.486998,0.1034937,0.3066504,3.4767040,0,0,0,0,0,0,0,0,0,0,0,0,0,0,0,0,0,0,0,0,0,0,0,0,0,0,0,0,0,0,0,0,0,0,0,0,0,0,0,0,0,0,0,0,0,0,0,0,0,0,0,0,0,0,0,0,0,0,0,0,0,0,0,0,0,0,0,0,0,0,0,0,0,0
0.2687588,0.2007544,3.855381,0.236665,0.4095955,3.715161,0.2042575,0.6155882,3.560656,0.1573187,0.709077,3.516217,0.08165664,0.5722263,3.618342,0.1079025,0.4382214,3.780909,0.1130393,0.2496755,3.890761,0.1115204,0.2251157,3.910636,0.3336277,0.5628023,3.577968,0.3250112,0.3690981,3.584061,0.1697653,0.32666,3.519824,0.1183127,0.3128563,3.501752,0.2083079,0.2089778,3.869632,0.2182071,-0.07299257,3.939143,0.265033,-0.4142388,4.088806,0.3073697,-0.4829426,4.047566,0.3255762,0.1899476,3.778853,0.3448779,-0.1173416,3.887202,0.3313445,-0.4141749,4.044114,0.3160252,-0.487479,3.950947,0.2120659,0.5653995,3.601272,0.114334,0.1555902,3.924251,0.1140063,0.1551441,3.913,0.08888552,0.3272888,3.486957,0.103494,0.3066548,3.4767030,0,0,0,0,0,0,0,0,0,0,0,0,0,0,0,0,0,0,0,0,0,0,0,0,0,0,0,0,0,0,0,0,0,0,0,0,0,0,0,0,0,0,0,0,0,0,0,0,0,0,0,0,0,0,0,0,0,0,0,0,0,0,0,0,0,0,0,0,0,0,0,0,0,0
0.272298,0.2053921,3.844115,0.2383369,0.4124696,3.702296,0.2040102,0.6158831,3.549837,0.1554234,0.7113678,3.51755,0.07880173,0.5881965,3.598048,0.1038534,0.4617702,3.766155,0.1252128,0.3045352,3.879204,0.122789,0.2619703,3.87096,0.334449,0.5642655,3.577704,0.3289794,0.3947728,3.552727,0.1737103,0.3522583,3.488503,0.1222559,0.3384559,3.470431,0.2111927,0.2133106,3.861106,0.220005,-0.08146842,3.941102,0.2647483,-0.414368,4.088775,0.2954723,-0.4895838,4.052089,0.3292718,0.1942339,3.765511,0.344938,-0.1169124,3.886483,0.370516,-0.4192512,4.016699,0.3165191,-0.4685572,4.032748,0.212436,0.5659811,3.589965,0.1225049,0.1944568,3.844244,0.1082328,0.2878048,3.899375,0.09281579,0.3528193,3.455642,0.1074227,0.3322982,3.4453570,0,0,0,0,0,0,0,0,0,0,0,0,0,0,0,0,0,0,0,0,0,0,0,0,0,0,0,0,0,0,0,0,0,0,0,0,0,0,0,0,0,0,0,0,0,0,0,0,0,0,0,0,0,0,0,0,0,0,0,0,0,0,0,0,0,0,0,0,0,0,0,0,0,0
0.2703291,0.2104127,3.840079,0.239053,0.4150323,3.698004,0.2076246,0.6165974,3.544212,0.1546941,0.7158815,3.519367,0.07977782,0.5899394,3.595724,0.1046408,0.463996,3.764185,0.114907,0.3084106,3.908597,0.1086707,0.2890042,3.915213,0.3352533,0.5660598,3.577274,0.3294132,0.3966275,3.552029,0.1741426,0.3541075,3.487806,0.1226882,0.3403051,3.469734,0.2090953,0.2170191,3.857417,0.2195973,-0.08119476,3.940531,0.2658872,-0.4141488,4.08872,0.2919504,-0.4912618,4.053561,0.3274288,0.2006592,3.761204,0.3455775,-0.115034,3.884972,0.3604524,-0.4191776,4.025441,0.3110072,-0.4735351,4.037449,0.215285,0.5670876,3.584761,0.1030687,0.2722565,3.905233,0.107419,0.2934153,3.899092,0.09324699,0.3546638,3.454946,0.1077789,0.3337175,3.4450750,0,0,0,0,0,0,0,0,0,0,0,0,0,0,0,0,0,0,0,0,0,0,0,0,0,0,0,0,0,0,0,0,0,0,0,0,0,0,0,0,0,0,0,0,0,0,0,0,0,0,0,0,0,0,0,0,0,0,0,0,0,0,0,0,0,0,0,0,0,0,0,0,0,0
0.2718029,0.2096476,3.837764,0.240369,0.4143476,3.695958,0.2086349,0.6158472,3.542923,0.154558,0.7220574,3.519395,0.07977556,0.5901899,3.595196,0.1046132,0.4644154,3.763774,0.1152906,0.3083771,3.907294,0.1089319,0.2950447,3.92467,0.3360111,0.5674035,3.577313,0.3293329,0.3976274,3.551084,0.1740622,0.3551044,3.486861,0.1226077,0.3413019,3.46879,0.2106457,0.2161248,3.854374,0.2094376,-0.06850757,3.917508,0.263809,-0.4242469,4.091137,0.3016099,-0.4950342,4.047273,0.3287443,0.1999815,3.759568,0.3456942,-0.115148,3.884712,0.3633469,-0.4207887,4.021045,0.3121532,-0.471189,4.036201,0.2164623,0.5662768,3.58321,0.1036457,0.2845189,3.927231,0.1031871,0.2939398,3.91,0.09316657,0.355658,3.454002,0.1076991,0.3345915,3.4442440,0,0,0,0,0,0,0,0,0,0,0,0,0,0,0,0,0,0,0,0,0,0,0,0,0,0,0,0,0,0,0,0,0,0,0,0,0,0,0,0,0,0,0,0,0,0,0,0,0,0,0,0,0,0,0,0,0,0,0,0,0,0,0,0,0,0,0,0,0,0,0,0,0,0
0.2687906,0.2111688,3.835744,0.2410088,0.4146661,3.69524,0.2162936,0.6151195,3.542287,0.155728,0.723729,3.519212,0.08083174,0.5908065,3.59475,0.1056727,0.4653184,3.763519,0.1154408,0.3081202,3.906791,0.1098141,0.2966799,3.917835,0.336424,0.5686115,3.577187,0.3282893,0.3963505,3.549425,0.1730205,0.3538302,3.485202,0.1215658,0.3400277,3.467131,0.2072999,0.2177729,3.853117,0.2094891,-0.06717818,3.915303,0.263382,-0.4226556,4.089582,0.2954311,-0.4971271,4.051739,0.3259846,0.2013528,3.75675,0.3455535,-0.1140011,3.882124,0.3642232,-0.4211453,4.019266,0.3122547,-0.4706853,4.034593,0.2216198,0.56596,3.582373,0.1137708,0.2829936,3.90623,0.1064885,0.3003468,3.900667,0.09212704,0.3543864,3.452342,0.1067856,0.3331174,3.4432950,0,0,0,0,0,0,0,0,0,0,0,0,0,0,0,0,0,0,0,0,0,0,0,0,0,0,0,0,0,0,0,0,0,0,0,0,0,0,0,0,0,0,0,0,0,0,0,0,0,0,0,0,0,0,0,0,0,0,0,0,0,0,0,0,0,0,0,0,0,0,0,0,0,0
0.2645441,0.2119544,3.83323,0.2411321,0.4147887,3.694759,0.2193188,0.6148396,3.542522,0.1564489,0.7248567,3.51941,0.08095355,0.591111,3.594527,0.1057876,0.4657649,3.763391,0.1151219,0.3079083,3.906312,0.1106503,0.2741445,3.892343,0.3364674,0.5688125,3.576991,0.3284732,0.4015154,3.540477,0.1731999,0.3589779,3.476257,0.1217445,0.3451754,3.458186,0.2018723,0.2184372,3.849426,0.2096954,-0.06551734,3.914078,0.2635635,-0.4218716,4.086702,0.2977159,-0.4923429,4.034053,0.3228478,0.2021364,3.755275,0.3457254,-0.1116995,3.877632,0.3636377,-0.4213345,4.018125,0.3119437,-0.4735783,4.030395,0.2238094,0.5657827,3.582289,0.1031706,0.2832148,3.909231,0.09652162,0.3135924,3.918023,0.09230441,0.3595195,3.443399,0.106912,0.3389728,3.4331160,0,0,0,0,0,0,0,0,0,0,0,0,0,0,0,0,0,0,0,0,0,0,0,0,0,0,0,0,0,0,0,0,0,0,0,0,0,0,0,0,0,0,0,0,0,0,0,0,0,0,0,0,0,0,0,0,0,0,0,0,0,0,0,0,0,0,0,0,0,0,0,0,0,0
0.2646462,0.2123844,3.832658,0.2405904,0.4151824,3.693667,0.2172371,0.6148441,3.541415,0.1575974,0.7259765,3.519591,0.07830779,0.59204,3.592937,0.1057297,0.4666058,3.76138,0.1158877,0.3057313,3.905736,0.1079587,0.2857275,3.91095,0.3369918,0.5694425,3.577055,0.3286131,0.3998389,3.545039,0.1733415,0.3573076,3.480818,0.1218865,0.3435051,3.462746,0.2013843,0.2201794,3.848884,0.2086991,-0.06416526,3.912537,0.2627983,-0.4212173,4.083756,0.2967277,-0.4941707,4.041046,0.323542,0.2018237,3.754269,0.3460532,-0.1109669,3.87483,0.3609995,-0.4269669,4.018779,0.3235219,-0.4823748,4.03992,0.2225798,0.5658407,3.581353,0.1030195,0.2614529,3.903235,0.1058617,0.2868234,3.896,0.09244657,0.3578543,3.447959,0.1070233,0.3359617,3.4394270,0,0,0,0,0,0,0,0,0,0,0,0,0,0,0,0,0,0,0,0,0,0,0,0,0,0,0,0,0,0,0,0,0,0,0,0,0,0,0,0,0,0,0,0,0,0,0,0,0,0,0,0,0,0,0,0,0,0,0,0,0,0,0,0,0,0,0,0,0,0,0,0,0,0
0.2642081,0.2117706,3.832352,0.2401184,0.4147698,3.693182,0.2165972,0.6145107,3.541162,0.1583322,0.7258354,3.519049,0.07804664,0.5921445,3.592697,0.1071172,0.4666153,3.760825,0.1176334,0.3053477,3.904753,0.1086204,0.2835034,3.91334,0.337503,0.5685334,3.575095,0.3287942,0.4007983,3.545081,0.1735222,0.3582644,3.48086,0.1220672,0.3444619,3.462789,0.2011511,0.2187309,3.848413,0.2072522,-0.06542177,3.912675,0.2629561,-0.4236285,4.08114,0.2525126,-0.4969285,3.987294,0.3229169,0.2015956,3.754113,0.3462452,-0.1118193,3.87409,0.357355,-0.4208156,4.025321,0.3148299,-0.4817496,4.03479,0.2220896,0.5654823,3.581068,0.1048201,0.2730724,3.919982,0.102927,0.2825209,3.9,0.0926268,0.3588088,3.448002,0.1071506,0.3367731,3.4392550,0,0,0,0,0,0,0,0,0,0,0,0,0,0,0,0,0,0,0,0,0,0,0,0,0,0,0,0,0,0,0,0,0,0,0,0,0,0,0,0,0,0,0,0,0,0,0,0,0,0,0,0,0,0,0,0,0,0,0,0,0,0,0,0,0,0,0,0,0,0,0,0,0,0
0.2643779,0.2083292,3.832106,0.2396117,0.4129349,3.692731,0.2153469,0.6133437,3.541011,0.1574347,0.7209502,3.514143,0.07745405,0.591809,3.592512,0.1073281,0.4660402,3.76035,0.1181103,0.3044976,3.903972,0.1024386,0.2646244,3.908781,0.337201,0.5670357,3.575178,0.3232425,0.3599242,3.582502,0.1680009,0.3175116,3.518261,0.1165484,0.3037081,3.500188,0.2013507,0.2159954,3.848305,0.2119927,-0.09489728,3.932533,0.2656305,-0.4198307,4.082447,0.255795,-0.5014185,4.054094,0.3230858,0.1973363,3.753931,0.3457286,-0.1101938,3.871648,0.3529375,-0.4185706,4.026109,0.3155929,-0.4877605,4.024617,0.2211443,0.5641636,3.580857,0.09815241,0.2144722,3.921744,0.09651987,0.2785989,3.887429,0.08712525,0.3181626,3.48539,0.1017527,0.2977615,3.4750930,0,0,0,0,0,0,0,0,0,0,0,0,0,0,0,0,0,0,0,0,0,0,0,0,0,0,0,0,0,0,0,0,0,0,0,0,0,0,0,0,0,0,0,0,0,0,0,0,0,0,0,0,0,0,0,0,0,0,0,0,0,0,0,0,0,0,0,0,0,0,0,0,0,0
0.2658083,0.20204,3.833972,0.2391732,0.4062329,3.692882,0.2123675,0.6053457,3.540186,0.1563022,0.7000409,3.511419,0.0805131,0.5684825,3.60048,0.1090881,0.4487026,3.772258,0.1171108,0.2887398,3.912757,0.1018399,0.2281335,3.916811,0.3360664,0.5680796,3.573628,0.3163918,0.3635204,3.57646,0.1611657,0.3210959,3.512218,0.1097125,0.3072924,3.494145,0.2027487,0.208371,3.849568,0.2127085,-0.09380329,3.931866,0.2658817,-0.4176002,4.079947,0.2542252,-0.4988078,4.056141,0.3246012,0.1921448,3.756582,0.3456697,-0.1105785,3.870442,0.3528052,-0.4179641,4.022184,0.3428735,-0.4914598,3.928485,0.218998,0.5563959,3.580301,0.09881768,0.1835111,3.947748,0.09316468,0.1883939,3.937,0.08030548,0.3217368,3.479347,0.09551365,0.3010942,3.4694860,0,0,0,0,0,0,0,0,0,0,0,0,0,0,0,0,0,0,0,0,0,0,0,0,0,0,0,0,0,0,0,0,0,0,0,0,0,0,0,0,0,0,0,0,0,0,0,0,0,0,0,0,0,0,0,0,0,0,0,0,0,0,0,0,0,0,0,0,0,0,0,0,0,0
0.2709656,0.1976041,3.833281,0.2407852,0.4026548,3.693376,0.2115909,0.6017263,3.542217,0.1562779,0.6984719,3.510367,0.07867946,0.57401,3.59822,0.1037077,0.4430596,3.763169,0.1114158,0.2791275,3.904387,0.1063409,0.2171552,3.917487,0.3354614,0.563538,3.575794,0.3383927,0.3969154,3.577523,0.1826097,0.3734911,3.51139,0.1309906,0.3660524,3.492682,0.2092879,0.2040311,3.848879,0.2117063,-0.0768285,3.921767,0.2658552,-0.4372517,4.086199,0.2829725,-0.5125705,4.029881,0.3284707,0.1878341,3.75604,0.3456208,-0.1262076,3.878178,0.3623657,-0.4176944,4.015474,0.3188046,-0.4797855,4.021905,0.2188816,0.5528618,3.581874,0.09707566,0.171031,3.95025,0.09510632,0.1965507,3.9286,0.101532,0.3803537,3.4779,0.116113,0.3597523,3.4676240,0,0,0,0,0,0,0,0,0,0,0,0,0,0,0,0,0,0,0,0,0,0,0,0,0,0,0,0,0,0,0,0,0,0,0,0,0,0,0,0,0,0,0,0,0,0,0,0,0,0,0,0,0,0,0,0,0,0,0,0,0,0,0,0,0,0,0,0,0,0,0,0,0,0
0.272341,0.1947393,3.851758,0.235267,0.3914242,3.708999,0.1945035,0.5782009,3.559078,0.1501513,0.685854,3.515427,0.06671356,0.568819,3.604361,0.09610883,0.439343,3.769663,0.1049098,0.274133,3.909432,0.1082339,0.2215748,3.912142,0.3295357,0.5553594,3.582387,0.3089519,0.3634801,3.60009,0.1537564,0.321063,3.535842,0.1023047,0.3072597,3.517768,0.2103803,0.2015469,3.853294,0.2121681,-0.07940548,3.925893,0.2663192,-0.4387129,4.092553,0.268228,-0.5176548,4.041116,0.3293536,0.1865722,3.800059,0.3430395,-0.1364301,3.899345,0.3685559,-0.4249082,4.020238,0.317073,-0.4803578,4.028159,0.2052797,0.5327463,3.598469,0.1037205,0.1826533,3.929248,0.09461524,0.2168123,3.908,0.07291822,0.3217089,3.502969,0.08759256,0.3013016,3.4926710,0,0,0,0,0,0,0,0,0,0,0,0,0,0,0,0,0,0,0,0,0,0,0,0,0,0,0,0,0,0,0,0,0,0,0,0,0,0,0,0,0,0,0,0,0,0,0,0,0,0,0,0,0,0,0,0,0,0,0,0,0,0,0,0,0,0,0,0,0,0,0,0,0,0
0.2791592,0.1871685,3.848883,0.2360468,0.391165,3.706226,0.1916955,0.5897122,3.547917,0.1473287,0.6821793,3.503969,0.06927522,0.5662901,3.610976,0.0955422,0.4351529,3.77558,0.1013691,0.2567631,3.899808,0.1039738,0.2021266,3.913355,0.3267739,0.5482359,3.575871,0.315202,0.3465548,3.594725,0.1599867,0.3041812,3.530475,0.1085347,0.2903773,3.512402,0.2190428,0.1926008,3.864364,0.2099016,-0.09001961,3.932156,0.2645347,-0.4506941,4.095844,0.2443864,-0.5290107,4.050577,0.3445008,0.1675642,3.757436,0.3429653,-0.1370387,3.899331,0.3695213,-0.4217886,4.015529,0.3190042,-0.4766905,4.02552,0.2037144,0.5392835,3.590446,0.08772049,0.1452332,3.934253,0.09030072,0.2039943,3.906,0.07913237,0.3048665,3.497601,0.09378633,0.2845112,3.4872990,0,0,0,0,0,0,0,0,0,0,0,0,0,0,0,0,0,0,0,0,0,0,0,0,0,0,0,0,0,0,0,0,0,0,0,0,0,0,0,0,0,0,0,0,0,0,0,0,0,0,0,0,0,0,0,0,0,0,0,0,0,0,0,0,0,0,0,0,0,0,0,0,0,0
0.2789515,0.2046059,3.875972,0.2354814,0.3985509,3.709388,0.1910638,0.5966297,3.542822,0.1427556,0.6810294,3.49792,0.07245802,0.5742659,3.60726,0.09594306,0.4402388,3.770211,0.1016945,0.2608865,3.8932,0.100585,0.213854,3.909681,0.3276697,0.5486341,3.575552,0.3098161,0.3383475,3.583194,0.1812714,0.4294987,3.524916,0.1634061,0.4747822,3.49003,0.2154725,0.2224825,3.904744,0.23923,-0.1249175,3.9579,0.2677597,-0.4186702,4.081935,0.252812,-0.495767,3.993709,0.3381067,0.191558,3.7984,0.3436376,-0.1326941,3.89682,0.3434127,-0.4266993,4.033076,0.3278865,-0.5037053,3.944902,0.2027512,0.5468311,3.587086,0.08784381,0.1454363,3.939754,0.09817912,0.1555041,3.922,0.08494228,0.518384,3.462803,0.1437534,0.466292,3.4818580,0,0,0,0,0,0,0,0,0,0,0,0,0,0,0,0,0,0,0,0,0,0,0,0,0,0,0,0,0,0,0,0,0,0,0,0,0,0,0,0,0,0,0,0,0,0,0,0,0,0,0,0,0,0,0,0,0,0,0,0,0,0,0,0,0,0,0,0,0,0,0,0,0,0
0.2821743,0.2022061,3.871586,0.2364092,0.3991629,3.709402,0.1917416,0.5978455,3.543325,0.1428349,0.6812935,3.498339,0.07337647,0.5770484,3.606156,0.09571034,0.4422613,3.76871,0.100797,0.2568619,3.883315,0.09738265,0.208924,3.910676,0.3286326,0.5500438,3.57631,0.3145169,0.3375247,3.589532,0.1885961,0.4370576,3.542228,0.1754327,0.4785956,3.513727,0.2214598,0.2143812,3.893222,0.214941,-0.07435267,3.943441,0.2688093,-0.4172521,4.0833,0.2540733,-0.4939097,3.994417,0.3412137,0.1886302,3.791465,0.3440194,-0.1293608,3.897975,0.3666082,-0.4251685,4.023842,0.3155083,-0.4791415,4.0344,0.2034205,0.5480481,3.58734,0.09091394,0.1494855,3.932853,0.1150442,0.1896201,3.8804,0.08362779,0.518674,3.475591,0.1975078,0.5075375,3.5034280,0,0,0,0,0,0,0,0,0,0,0,0,0,0,0,0,0,0,0,0,0,0,0,0,0,0,0,0,0,0,0,0,0,0,0,0,0,0,0,0,0,0,0,0,0,0,0,0,0,0,0,0,0,0,0,0,0,0,0,0,0,0,0,0,0,0,0,0,0,0,0,0,0,0
0.2835039,0.2020034,3.868811,0.2370976,0.4007497,3.708548,0.1918504,0.6005064,3.542451,0.1388016,0.6850037,3.500615,0.07418688,0.5796326,3.604236,0.0957242,0.4443116,3.766507,0.101377,0.2598611,3.882473,0.1001522,0.2127376,3.909113,0.3292747,0.5515177,3.576708,0.3005895,0.3575313,3.573824,0.1763505,0.4590812,3.526667,0.1432375,0.5069789,3.49301,0.2217803,0.2144365,3.892823,0.2196897,-0.0738777,3.944544,0.2687,-0.4084754,4.08725,0.254359,-0.4849513,3.99795,0.3433034,0.1868606,3.78201,0.3443418,-0.1280679,3.8989,0.3582038,-0.4476657,4.033686,0.2976323,-0.482953,4.052764,0.203605,0.5507604,3.58627,0.09296403,0.1449985,3.92792,0.09808499,0.1446315,3.918,0.06956156,0.5483392,3.483624,0.1443292,0.5401577,3.5233340,0,0,0,0,0,0,0,0,0,0,0,0,0,0,0,0,0,0,0,0,0,0,0,0,0,0,0,0,0,0,0,0,0,0,0,0,0,0,0,0,0,0,0,0,0,0,0,0,0,0,0,0,0,0,0,0,0,0,0,0,0,0,0,0,0,0,0,0,0,0,0,0,0,0
0.2787864,0.2028439,3.86725,0.2371874,0.400872,3.708819,0.197515,0.5988757,3.54521,0.1394008,0.6887197,3.505112,0.0745099,0.5858818,3.597168,0.09745092,0.4342936,3.746038,0.1004871,0.261374,3.87723,0.09330267,0.2214214,3.911469,0.3300743,0.5528228,3.577392,0.2992648,0.359543,3.571539,0.1748738,0.4610709,3.524863,0.1441438,0.5149038,3.494538,0.2160994,0.2159479,3.890239,0.2152538,-0.07247511,3.941652,0.2683253,-0.4086267,4.087864,0.255157,-0.4847948,3.997926,0.338005,0.1870416,3.781604,0.3434577,-0.1240837,3.900744,0.3672716,-0.4272967,4.021121,0.3154308,-0.4705132,4.042988,0.2067588,0.5500693,3.587946,0.08745074,0.1662505,3.922251,0.09245992,0.1602534,3.907,0.07543262,0.5522566,3.484122,0.09580387,0.5221625,3.5280,0,0,0,0,0,0,0,0,0,0,0,0,0,0,0,0,0,0,0,0,0,0,0,0,0,0,0,0,0,0,0,0,0,0,0,0,0,0,0,0,0,0,0,0,0,0,0,0,0,0,0,0,0,0,0,0,0,0,0,0,0,0,0,0,0,0,0,0,0,0,0,0,0,0
0.2690371,0.208581,3.862362,0.2342651,0.4071676,3.705649,0.1985084,0.6056407,3.540677,0.1399085,0.7027382,3.51086,0.07499886,0.5865155,3.596612,0.09471092,0.4519295,3.759661,0.09974743,0.2683156,3.876878,0.1005205,0.2241999,3.905931,0.3308407,0.5546845,3.577223,0.3007429,0.3607164,3.568848,0.1762725,0.4622337,3.522414,0.1536177,0.515429,3.495413,0.2055344,0.2202869,3.874495,0.2138592,-0.0642314,3.937447,0.2991608,-0.4105717,4.072087,0.2529697,-0.4702747,4.079153,0.3247509,0.1959382,3.785407,0.3448718,-0.1166512,3.895992,0.3677654,-0.427579,4.021207,0.3143502,-0.4694502,4.042745,0.2070359,0.5565079,3.583917,0.08999079,0.1579455,3.916001,0.1265213,0.2304956,3.860834,0.07752629,0.556724,3.48662,0.1297703,0.5049407,3.5678330,0,0,0,0,0,0,0,0,0,0,0,0,0,0,0,0,0,0,0,0,0,0,0,0,0,0,0,0,0,0,0,0,0,0,0,0,0,0,0,0,0,0,0,0,0,0,0,0,0,0,0,0,0,0,0,0,0,0,0,0,0,0,0,0,0,0,0,0,0,0,0,0,0,0
0.2640839,0.2135839,3.858008,0.2299063,0.4139395,3.70293,0.1953357,0.612,3.539062,0.1452599,0.7176755,3.515775,0.08783627,0.5874707,3.530758,0.09787761,0.4712792,3.706716,0.10215,0.2984297,3.838132,0.1196734,0.2881486,3.85665,0.330688,0.5655199,3.575532,0.3026994,0.3655065,3.567571,0.1781996,0.4670248,3.521253,0.1648713,0.5173438,3.495827,0.2010171,0.2243372,3.865856,0.2331917,-0.1021061,3.95205,0.2752621,-0.4093816,4.087281,0.2828757,-0.4838297,3.994892,0.3210046,0.2005009,3.78565,0.3446112,-0.1146002,3.895452,0.3696715,-0.4265491,4.024814,0.314413,-0.4685956,4.044319,0.2037806,0.5630069,3.582016,0.1026937,0.2313766,3.89074,0.1541887,0.2496141,3.793857,0.08591092,0.5630703,3.479115,0.1148598,0.5314501,3.525750,0,0,0,0,0,0,0,0,0,0,0,0,0,0,0,0,0,0,0,0,0,0,0,0,0,0,0,0,0,0,0,0,0,0,0,0,0,0,0,0,0,0,0,0,0,0,0,0,0,0,0,0,0,0,0,0,0,0,0,0,0,0,0,0,0,0,0,0,0,0,0,0,0,0
0.2625102,0.215322,3.853215,0.2307358,0.4172326,3.701957,0.2001551,0.6197091,3.541709,0.1481349,0.7272342,3.522288,0.09428462,0.5903938,3.534225,0.1006507,0.471824,3.708949,0.1021145,0.2956605,3.836361,0.1143258,0.2903331,3.852119,0.3310519,0.5715014,3.575532,0.3239644,0.398325,3.55454,0.1994261,0.4998569,3.508435,0.1807052,0.5246739,3.484839,0.2001964,0.2250885,3.860596,0.2328357,-0.1086155,3.952753,0.2694159,-0.4097546,4.086331,0.2907403,-0.4876196,4.044369,0.3196301,0.2024336,3.782909,0.3446084,-0.1129689,3.892297,0.3692854,-0.4256279,4.021477,0.3157842,-0.4675851,4.042871,0.207395,0.5693882,3.583393,0.1011321,0.2361799,3.882239,0.1495452,0.2482868,3.7848,0.1004366,0.5610702,3.455113,0.1801823,0.4919029,3.4760,0,0,0,0,0,0,0,0,0,0,0,0,0,0,0,0,0,0,0,0,0,0,0,0,0,0,0,0,0,0,0,0,0,0,0,0,0,0,0,0,0,0,0,0,0,0,0,0,0,0,0,0,0,0,0,0,0,0,0,0,0,0,0,0,0,0,0,0,0,0,0,0,0,0
0.2604495,0.2170215,3.847323,0.2304432,0.4205091,3.698667,0.2007668,0.6230165,3.539988,0.1528945,0.7331911,3.522679,0.09540272,0.5916433,3.533362,0.1018117,0.4687063,3.705388,0.1003569,0.2962857,3.837376,0.1129179,0.2798523,3.85663,0.3315212,0.573637,3.574692,0.3244702,0.3988712,3.553317,0.1999346,0.5004023,3.507216,0.1870382,0.5289739,3.483266,0.1992542,0.2261385,3.856327,0.2018939,-0.05706286,3.923571,0.2643152,-0.4178341,4.084674,0.2907004,-0.494751,4.049346,0.3168504,0.2045741,3.776367,0.3452941,-0.1139557,3.891042,0.3603154,-0.4539382,4.034365,0.2963625,-0.4766012,4.057482,0.2079356,0.5728007,3.581386,0.09671275,0.2282188,3.900539,0.1408717,0.2366302,3.795615,0.1095872,0.5689666,3.446108,0.1419388,0.4822754,3.4382140,0,0,0,0,0,0,0,0,0,0,0,0,0,0,0,0,0,0,0,0,0,0,0,0,0,0,0,0,0,0,0,0,0,0,0,0,0,0,0,0,0,0,0,0,0,0,0,0,0,0,0,0,0,0,0,0,0,0,0,0,0,0,0,0,0,0,0,0,0,0,0,0,0,0
0.2594309,0.2154278,3.843507,0.232639,0.4208117,3.697064,0.2101617,0.6251216,3.539692,0.1580504,0.7416631,3.527498,0.09566166,0.5700149,3.608941,0.1011236,0.4452009,3.779648,0.09159242,0.2552647,3.879383,0.08956323,0.1954923,3.898944,0.3322258,0.5738342,3.574917,0.3240101,0.4022314,3.549539,0.1994759,0.5037574,3.503447,0.1843678,0.536321,3.477121,0.1972709,0.2208282,3.849208,0.2272723,-0.1257828,3.952047,0.2678974,-0.4164665,4.086032,0.2688442,-0.4983587,4.054006,0.3165533,0.204846,3.774747,0.3462685,-0.1106716,3.884394,0.3553217,-0.4159263,4.025107,0.3137232,-0.4717439,4.042668,0.2151674,0.5744127,3.5806,0.07937792,0.1367258,3.921505,0.09472535,0.168295,3.881273,0.1050341,0.5886334,3.451598,0.1615447,0.5298232,3.4625710,0,0,0,0,0,0,0,0,0,0,0,0,0,0,0,0,0,0,0,0,0,0,0,0,0,0,0,0,0,0,0,0,0,0,0,0,0,0,0,0,0,0,0,0,0,0,0,0,0,0,0,0,0,0,0,0,0,0,0,0,0,0,0,0,0,0,0,0,0,0,0,0,0,0
0.2604724,0.209293,3.836558,0.2339465,0.4191656,3.695527,0.2107271,0.6246787,3.540153,0.1668465,0.7507608,3.534017,0.1082458,0.5545744,3.673437,0.1018671,0.415173,3.822055,0.08868959,0.2068176,3.892319,0.08642547,0.1383842,3.909087,0.3329247,0.5741315,3.574752,0.3146862,0.4059266,3.543787,0.1901836,0.5074484,3.497698,0.1795235,0.561578,3.475771,0.1994063,0.2147199,3.845459,0.201609,-0.06881654,3.911556,0.2649169,-0.4238639,4.083694,0.2366184,-0.4963454,3.993919,0.3166249,0.1998348,3.764963,0.3472328,-0.1047309,3.871463,0.3616824,-0.4178707,4.01487,0.3174517,-0.475624,4.02751,0.215902,0.5738607,3.580778,0.08738776,0.08571318,3.918758,0.09994445,0.1181515,3.886,0.1189821,0.5971583,3.446759,0.1139225,0.5952986,3.4360,0,0,0,0,0,0,0,0,0,0,0,0,0,0,0,0,0,0,0,0,0,0,0,0,0,0,0,0,0,0,0,0,0,0,0,0,0,0,0,0,0,0,0,0,0,0,0,0,0,0,0,0,0,0,0,0,0,0,0,0,0,0,0,0,0,0,0,0,0,0,0,0,0,0
0.2599699,0.2083495,3.833258,0.236757,0.4245846,3.691828,0.2197633,0.6470492,3.53817,0.1702719,0.7565109,3.539173,0.1076823,0.555781,3.673594,0.1023828,0.4134274,3.822202,0.09253454,0.216017,3.879089,0.08638092,0.1549188,3.890812,0.3332608,0.5743668,3.574823,0.3047059,0.4113089,3.533957,0.1802648,0.512861,3.487883,0.1768349,0.5731366,3.477681,0.1997432,0.2114143,3.841861,0.1996473,-0.07044289,3.912453,0.2637186,-0.4253289,4.084628,0.2468413,-0.5047415,4.068734,0.3155156,0.2009584,3.761671,0.3475981,-0.103189,3.869303,0.3502505,-0.4165066,4.025338,0.3203907,-0.4877301,3.934439,0.2234797,0.5909733,3.578034,0.08713771,0.1015245,3.908507,0.1041116,0.1481133,3.855,0.1234311,0.6053404,3.440086,0.1635292,0.5582114,3.43950,0,0,0,0,0,0,0,0,0,0,0,0,0,0,0,0,0,0,0,0,0,0,0,0,0,0,0,0,0,0,0,0,0,0,0,0,0,0,0,0,0,0,0,0,0,0,0,0,0,0,0,0,0,0,0,0,0,0,0,0,0,0,0,0,0,0,0,0,0,0,0,0,0,0
0.258701,0.2073431,3.830988,0.2385182,0.4285156,3.694079,0.2265056,0.6598077,3.556077,0.1793523,0.7674204,3.547889,0.1067797,0.5572938,3.676666,0.1025961,0.4129787,3.822475,0.09326749,0.219963,3.87604,0.08172614,0.1579686,3.893123,0.3335181,0.5747432,3.574989,0.2984489,0.4145647,3.525793,0.1760617,0.5189117,3.480913,0.1758271,0.5830772,3.472625,0.1991476,0.2106929,3.839857,0.1984404,-0.07026783,3.912763,0.2627133,-0.4253686,4.084457,0.2313872,-0.4944528,3.991987,0.3138159,0.2000151,3.759784,0.3457268,-0.111785,3.870382,0.3417722,-0.424521,4.034027,0.3596191,-0.5029297,3.986328,0.2292428,0.6021442,3.59139,0.07621705,0.1011879,3.895508,0.09622455,0.1438998,3.862371,0.1250133,0.6116856,3.440749,0.1446175,0.5823922,3.4540,0,0,0,0,0,0,0,0,0,0,0,0,0,0,0,0,0,0,0,0,0,0,0,0,0,0,0,0,0,0,0,0,0,0,0,0,0,0,0,0,0,0,0,0,0,0,0,0,0,0,0,0,0,0,0,0,0,0,0,0,0,0,0,0,0,0,0,0,0,0,0,0,0,0
0.2539061,0.2111071,3.825947,0.2395827,0.4381874,3.693373,0.2299846,0.6683068,3.556368,0.1854818,0.7742494,3.551131,0.1080225,0.560064,3.675856,0.1034116,0.4033011,3.821324,0.09390268,0.219755,3.872883,0.07956649,0.1651812,3.878771,0.3419212,0.5842823,3.575241,0.2978629,0.4171182,3.524684,0.1734047,0.518607,3.478591,0.1772316,0.5896504,3.473639,0.1950589,0.2130021,3.831261,0.220619,-0.1275126,3.942285,0.2651613,-0.4183582,4.082608,0.2441303,-0.4970973,4.065879,0.3077981,0.2059461,3.757667,0.3478711,-0.1050362,3.861932,0.3447479,-0.4177559,4.029874,0.3143702,-0.4863326,3.936139,0.2323716,0.6113918,3.591915,0.07622539,0.1012204,3.896758,0.09278966,0.1242736,3.857857,0.1658225,0.6058771,3.443414,0.1621746,0.5977134,3.4323340,0,0,0,0,0,0,0,0,0,0,0,0,0,0,0,0,0,0,0,0,0,0,0,0,0,0,0,0,0,0,0,0,0,0,0,0,0,0,0,0,0,0,0,0,0,0,0,0,0,0,0,0,0,0,0,0,0,0,0,0,0,0,0,0,0,0,0,0,0,0,0,0,0,0
0.2518453,0.2113468,3.82436,0.2401895,0.4425394,3.694984,0.2336974,0.6779373,3.562238,0.1915905,0.7783872,3.55568,0.10987,0.5708636,3.686301,0.1017297,0.3991959,3.816106,0.08954728,0.2195251,3.870591,0.07547875,0.1688903,3.872082,0.3402421,0.5830748,3.572868,0.2974804,0.417401,3.524393,0.1730169,0.5188943,3.478297,0.178616,0.5955365,3.476648,0.1941591,0.2136697,3.829232,0.2208597,-0.1285874,3.942578,0.2650138,-0.4221516,4.083129,0.2481068,-0.5022486,4.062438,0.3044078,0.205648,3.756892,0.3465438,-0.1014682,3.859672,0.3341132,-0.4279242,4.03898,0.2977217,-0.4949007,3.946503,0.2352199,0.6196917,3.596824,0.08849844,0.1152017,3.888923,0.09600433,0.1546756,3.83575,0.1641877,0.6074385,3.453463,0.1700214,0.6087888,3.43350,0,0,0,0,0,0,0,0,0,0,0,0,0,0,0,0,0,0,0,0,0,0,0,0,0,0,0,0,0,0,0,0,0,0,0,0,0,0,0,0,0,0,0,0,0,0,0,0,0,0,0,0,0,0,0,0,0,0,0,0,0,0,0,0,0,0,0,0,0,0,0,0,0,0
0.2485977,0.215408,3.820301,0.2410399,0.4456485,3.6962,0.2370423,0.6792427,3.567122,0.1938474,0.7787609,3.558848,0.1053697,0.5903805,3.681788,0.1010027,0.413098,3.805129,0.08448069,0.2116919,3.870953,0.06561369,0.1541409,3.872595,0.3451976,0.5878137,3.574577,0.2816621,0.41723,3.519626,0.1572407,0.5187231,3.473525,0.1689201,0.6057588,3.474415,0.1914146,0.2175017,3.823924,0.2212156,-0.1294378,3.942806,0.2633502,-0.419365,4.083482,0.2281963,-0.485881,3.989975,0.3012368,0.2097032,3.754497,0.3466535,-0.09657057,3.855697,0.3398004,-0.4185032,4.034508,0.3040619,-0.4849931,3.941047,0.2378391,0.6215678,3.600687,0.0811206,0.09536155,3.875258,0.07902189,0.1495144,3.847,0.1523199,0.617687,3.457078,0.1608366,0.6141775,3.43750,0,0,0,0,0,0,0,0,0,0,0,0,0,0,0,0,0,0,0,0,0,0,0,0,0,0,0,0,0,0,0,0,0,0,0,0,0,0,0,0,0,0,0,0,0,0,0,0,0,0,0,0,0,0,0,0,0,0,0,0,0,0,0,0,0,0,0,0,0,0,0,0,0,0
0.247858,0.2151406,3.81811,0.2413391,0.44589,3.696383,0.2382697,0.6789157,3.569112,0.1966847,0.7820311,3.560107,0.1049137,0.5875391,3.685068,0.10077,0.4097485,3.807755,0.07720658,0.1985646,3.86776,0.05488381,0.1422615,3.853514,0.3437935,0.5849725,3.574328,0.2789442,0.4173202,3.518273,0.1545297,0.5188125,3.472169,0.163464,0.6129849,3.473176,0.1910327,0.2174296,3.821947,0.2149899,-0.1147637,3.932964,0.2634531,-0.4211882,4.083676,0.251919,-0.5023168,4.060437,0.3003021,0.2092814,3.752419,0.3464524,-0.09613626,3.854558,0.3397339,-0.4188288,4.03298,0.3027934,-0.4848652,3.93967,0.2388774,0.6214784,3.602222,0.05251294,0.1070772,3.851592,0.06761702,0.114185,3.8312,0.1578717,0.6159336,3.459834,0.1554112,0.6213626,3.4362670,0,0,0,0,0,0,0,0,0,0,0,0,0,0,0,0,0,0,0,0,0,0,0,0,0,0,0,0,0,0,0,0,0,0,0,0,0,0,0,0,0,0,0,0,0,0,0,0,0,0,0,0,0,0,0,0,0,0,0,0,0,0,0,0,0,0,0,0,0,0,0,0,0,0
0.2472867,0.2145517,3.814273,0.2443073,0.4454505,3.698153,0.2510906,0.673789,3.583467,0.1991505,0.7815616,3.558739,0.1041628,0.5881526,3.690684,0.102834,0.4103658,3.813441,0.0779773,0.2347295,3.855796,0.056894,0.191927,3.844552,0.3418897,0.5831327,3.573933,0.2837861,0.4175586,3.517581,0.1593499,0.5190573,3.471477,0.1702858,0.6080048,3.462327,0.1911726,0.217295,3.821118,0.2111278,-0.1070366,3.928484,0.2637107,-0.4207492,4.082599,0.2507508,-0.5019585,4.053425,0.2982935,0.2079863,3.743661,0.3464307,-0.09524703,3.851569,0.3510493,-0.426013,4.02584,0.3062366,-0.4890473,4.028686,0.2489646,0.6178495,3.612844,0.06348473,0.156302,3.836053,0.07997965,0.1549839,3.821,0.1564062,0.6151798,3.443077,0.1422188,0.5921289,3.4237930,0,0,0,0,0,0,0,0,0,0,0,0,0,0,0,0,0,0,0,0,0,0,0,0,0,0,0,0,0,0,0,0,0,0,0,0,0,0,0,0,0,0,0,0,0,0,0,0,0,0,0,0,0,0,0,0,0,0,0,0,0,0,0,0,0,0,0,0,0,0,0,0,0,0
0.2473039,0.2145626,3.814246,0.2446968,0.4458206,3.698715,0.2504926,0.6742057,3.583308,0.2019682,0.7833431,3.559099,0.1046025,0.5880958,3.692746,0.1028127,0.4089136,3.813749,0.06017966,0.2218855,3.849205,0.04855163,0.1586156,3.857214,0.3427467,0.5830386,3.575539,0.3200509,0.4047778,3.546698,0.1955188,0.5063251,3.500605,0.2031546,0.566407,3.492217,0.1912151,0.2173166,3.821118,0.2113819,-0.107046,3.928493,0.2607718,-0.4177727,4.082023,0.2559238,-0.4996706,4.052714,0.2983206,0.2079987,3.743669,0.3465255,-0.0953197,3.851608,0.3511124,-0.4255727,4.025841,0.3044002,-0.4861785,4.030937,0.2487814,0.6180766,3.612949,0.0407296,0.1025102,3.865059,0.0563688,0.1222222,3.839857,0.1862992,0.595637,3.474753,0.179879,0.5889881,3.4726670,0,0,0,0,0,0,0,0,0,0,0,0,0,0,0,0,0,0,0,0,0,0,0,0,0,0,0,0,0,0,0,0,0,0,0,0,0,0,0,0,0,0,0,0,0,0,0,0,0,0,0,0,0,0,0,0,0,0,0,0,0,0,0,0,0,0,0,0,0,0,0,0,0,0
0.2473627,0.2145987,3.814274,0.2452317,0.4454356,3.700705,0.2491892,0.6726738,3.585375,0.2030782,0.7832595,3.558968,0.104677,0.5876904,3.6944,0.1029866,0.4079624,3.81472,0.05939017,0.2511607,3.839035,0.04976834,0.1942942,3.852019,0.3433636,0.5828182,3.576622,0.2786422,0.4155115,3.522171,0.1542049,0.5170307,3.47606,0.1614457,0.6103167,3.475454,0.1913219,0.2172967,3.821193,0.2115607,-0.1069204,3.928644,0.2613303,-0.4176161,4.081297,0.2575797,-0.4995409,4.052392,0.2984886,0.2082113,3.74386,0.3468672,-0.0956386,3.851679,0.3572531,-0.4243958,4.019175,0.3085386,-0.4804271,4.029437,0.2480674,0.6167755,3.615308,0.03207751,0.1334948,3.843856,0.05746215,0.1588333,3.829834,0.1479556,0.6191219,3.465078,0.1340063,0.6054967,3.4599350,0,0,0,0,0,0,0,0,0,0,0,0,0,0,0,0,0,0,0,0,0,0,0,0,0,0,0,0,0,0,0,0,0,0,0,0,0,0,0,0,0,0,0,0,0,0,0,0,0,0,0,0,0,0,0,0,0,0,0,0,0,0,0,0,0,0,0,0,0,0,0,0,0,0
0.2481918,0.2134957,3.814606,0.2456173,0.4435243,3.703342,0.2463308,0.6696163,3.588813,0.2045758,0.7811325,3.559704,0.104821,0.5874265,3.694856,0.1033208,0.4077809,3.815307,0.05521329,0.2398659,3.843565,0.04377014,0.1835463,3.855625,0.3444372,0.5820891,3.578161,0.2786264,0.4152476,3.52251,0.1541812,0.5167745,3.476397,0.1579681,0.6067099,3.477122,0.1924329,0.2158685,3.821445,0.2122974,-0.1067345,3.928887,0.2619983,-0.4185099,4.079575,0.2561181,-0.5002739,4.053535,0.2993494,0.2072819,3.744688,0.3471545,-0.09601967,3.851744,0.3554955,-0.424056,4.0206,0.3100922,-0.4832821,4.029654,0.2462406,0.6139683,3.618793,0.03349608,0.122816,3.856783,0.0409665,0.1285553,3.83775,0.1433445,0.6149405,3.468081,0.138632,0.6102381,3.4680,0,0,0,0,0,0,0,0,0,0,0,0,0,0,0,0,0,0,0,0,0,0,0,0,0,0,0,0,0,0,0,0,0,0,0,0,0,0,0,0,0,0,0,0,0,0,0,0,0,0,0,0,0,0,0,0,0,0,0,0,0,0,0,0,0,0,0,0,0,0,0,0,0,0
0.2488461,0.2128958,3.815872,0.2463141,0.4431905,3.706522,0.2458195,0.669648,3.59126,0.2036898,0.7787317,3.560988,0.1050327,0.5868807,3.695924,0.1035401,0.4079106,3.81725,0.05474263,0.221884,3.849903,0.04360499,0.1585113,3.865713,0.3451978,0.5815865,3.579685,0.2937908,0.4194764,3.534366,0.1693049,0.5209972,3.488258,0.1730672,0.5917523,3.483002,0.1933677,0.2149143,3.822271,0.2135964,-0.1080061,3.930559,0.2619888,-0.4177069,4.079705,0.2564925,-0.4995468,4.052146,0.2999969,0.2070545,3.747408,0.3470908,-0.0972024,3.85346,0.3407736,-0.4192485,4.030939,0.3015195,-0.4835219,3.937049,0.246005,0.6138784,3.621623,0.03598424,0.1030628,3.866009,0.05334008,0.1525184,3.847584,0.1571726,0.6063933,3.459584,0.1536584,0.593186,3.4511670,0,0,0,0,0,0,0,0,0,0,0,0,0,0,0,0,0,0,0,0,0,0,0,0,0,0,0,0,0,0,0,0,0,0,0,0,0,0,0,0,0,0,0,0,0,0,0,0,0,0,0,0,0,0,0,0,0,0,0,0,0,0,0,0,0,0,0,0,0,0,0,0,0,0
0.2505711,0.2122238,3.816707,0.246755,0.4425524,3.706845,0.2450081,0.668331,3.590681,0.1983566,0.770521,3.558516,0.1046262,0.5845395,3.707995,0.1038297,0.4054791,3.822185,0.05807415,0.2390266,3.846433,0.05010771,0.1832227,3.868761,0.3453057,0.581543,3.579857,0.336399,0.4048358,3.595149,0.2118202,0.5064101,3.549054,0.1916009,0.5358073,3.554525,0.1959382,0.2138501,3.823505,0.2197176,-0.1187535,3.937862,0.2619629,-0.4180457,4.079779,0.2562299,-0.4998009,4.054101,0.3011495,0.2067363,3.748072,0.3467325,-0.0982638,3.854675,0.3444843,-0.4180101,4.02739,0.3025602,-0.4820966,3.934884,0.2456491,0.6128811,3.621416,0.036492,0.1257686,3.864857,0.05076928,0.1437187,3.847157,0.143969,0.5890701,3.482096,0.2191582,0.5038258,3.48260,0,0,0,0,0,0,0,0,0,0,0,0,0,0,0,0,0,0,0,0,0,0,0,0,0,0,0,0,0,0,0,0,0,0,0,0,0,0,0,0,0,0,0,0,0,0,0,0,0,0,0,0,0,0,0,0,0,0,0,0,0,0,0,0,0,0,0,0,0,0,0,0,0,0
0.2521535,0.2093194,3.819857,0.2468122,0.440238,3.708717,0.2432091,0.6660714,3.590991,0.194033,0.7640909,3.55809,0.1062459,0.5809621,3.708705,0.1050857,0.395572,3.821347,0.0572565,0.183286,3.863791,0.04760408,0.118376,3.875672,0.345431,0.5811896,3.579904,0.3369129,0.4167256,3.59646,0.215165,0.5214881,3.550085,0.1920956,0.5499955,3.522802,0.1974649,0.210626,3.825854,0.218165,-0.109674,3.934658,0.2619988,-0.4177372,4.079844,0.2571658,-0.4996012,4.052289,0.3028505,0.2042652,3.7524,0.3462522,-0.1004945,3.85709,0.342034,-0.4178167,4.027923,0.3002186,-0.4821713,3.935645,0.2443469,0.6106362,3.622134,0.05148582,0.06468393,3.878861,0.05969483,0.1092467,3.861,0.1173497,0.6112787,3.491755,0.1772582,0.5486127,3.4698750,0,0,0,0,0,0,0,0,0,0,0,0,0,0,0,0,0,0,0,0,0,0,0,0,0,0,0,0,0,0,0,0,0,0,0,0,0,0,0,0,0,0,0,0,0,0,0,0,0,0,0,0,0,0,0,0,0,0,0,0,0,0,0,0,0,0,0,0,0,0,0,0,0,0
0.2541777,0.2061833,3.828127,0.2454704,0.4357537,3.712487,0.236337,0.6577256,3.59056,0.188169,0.7593565,3.553304,0.1057685,0.5783796,3.710094,0.1049154,0.3933466,3.823221,0.05688024,0.1814983,3.867174,0.05312904,0.1189246,3.889293,0.3457973,0.5810681,3.581039,0.3341595,0.4167006,3.597225,0.211811,0.498616,3.513392,0.1832196,0.5476788,3.502501,0.1989668,0.206915,3.8324,0.2264483,-0.1254373,3.945901,0.262402,-0.4231188,4.082843,0.2220459,-0.4884967,3.99111,0.3054631,0.2020484,3.762812,0.3467506,-0.101756,3.860616,0.341736,-0.422332,4.03113,0.3007726,-0.4876812,3.939445,0.2392413,0.6034986,3.623066,0.05163303,0.06486932,3.889908,0.06659463,0.1334542,3.853,0.1272741,0.5875512,3.467498,0.1545227,0.5602409,3.4588580,0,0,0,0,0,0,0,0,0,0,0,0,0,0,0,0,0,0,0,0,0,0,0,0,0,0,0,0,0,0,0,0,0,0,0,0,0,0,0,0,0,0,0,0,0,0,0,0,0,0,0,0,0,0,0,0,0,0,0,0,0,0,0,0,0,0,0,0,0,0,0,0,0,0
0.2566761,0.2025413,3.833904,0.2453127,0.4315782,3.7147,0.2337099,0.6527565,3.589068,0.1824166,0.7503001,3.55118,0.1057996,0.5754023,3.702285,0.1052452,0.3954918,3.82233,0.06202357,0.1840987,3.871796,0.06079419,0.1248412,3.906078,0.3457701,0.5797644,3.581772,0.3290426,0.4114107,3.600373,0.2102429,0.4963431,3.5143,0.1750065,0.5452502,3.495172,0.201328,0.2026075,3.846657,0.2272394,-0.1257064,3.947398,0.2624898,-0.4230759,4.082927,0.2248066,-0.4894281,3.990681,0.3079532,0.1988592,3.764002,0.3470103,-0.1087482,3.868443,0.3396634,-0.4172679,4.031978,0.3013889,-0.4836286,3.939774,0.2371587,0.5986594,3.622551,0.05676427,0.06576972,3.90126,0.06850558,0.130524,3.8816,0.1223321,0.5869786,3.46567,0.1214819,0.571845,3.46360,0,0,0,0,0,0,0,0,0,0,0,0,0,0,0,0,0,0,0,0,0,0,0,0,0,0,0,0,0,0,0,0,0,0,0,0,0,0,0,0,0,0,0,0,0,0,0,0,0,0,0,0,0,0,0,0,0,0,0,0,0,0,0,0,0,0,0,0,0,0,0,0,0,0
0.258826,0.1997688,3.83915,0.2444711,0.4259859,3.717809,0.2287012,0.6436634,3.58865,0.1795345,0.7418882,3.546141,0.1049236,0.5743594,3.700204,0.1053907,0.395956,3.822177,0.08779623,0.1857985,3.886872,0.07415667,0.1118967,3.917374,0.3453028,0.5761436,3.5822,0.3327288,0.4128954,3.603357,0.2162986,0.5008057,3.517066,0.1754737,0.541612,3.499268,0.2019895,0.2018399,3.847398,0.2085245,-0.07657488,3.926013,0.2620004,-0.4384379,4.08778,0.2251457,-0.5055184,3.996015,0.3117702,0.1938578,3.774081,0.3456451,-0.1162683,3.876479,0.335303,-0.426267,4.036409,0.2978857,-0.4934004,3.94468,0.2331809,0.5903475,3.623118,0.07569245,0.06331459,3.925059,0.08168613,0.1348956,3.903286,0.126071,0.5804162,3.453555,0.1453932,0.5438706,3.4581250,0,0,0,0,0,0,0,0,0,0,0,0,0,0,0,0,0,0,0,0,0,0,0,0,0,0,0,0,0,0,0,0,0,0,0,0,0,0,0,0,0,0,0,0,0,0,0,0,0,0,0,0,0,0,0,0,0,0,0,0,0,0,0,0,0,0,0,0,0,0,0,0,0,0
0.2603772,0.2006234,3.845717,0.2445845,0.4260915,3.718299,0.2284596,0.6445203,3.586373,0.1759511,0.7366577,3.546382,0.09799642,0.5655887,3.692367,0.104062,0.3944113,3.82286,0.08917017,0.1847122,3.889362,0.09314979,0.1188597,3.921456,0.3446284,0.5737261,3.583389,0.3353614,0.4112066,3.608387,0.2206647,0.50559,3.520596,0.1768311,0.5447653,3.503546,0.202691,0.2017779,3.849306,0.2160556,-0.08842,3.944247,0.2637497,-0.4236704,4.083384,0.2310079,-0.4919068,3.99063,0.313892,0.1963947,3.783929,0.3457338,-0.1147673,3.87793,0.3704283,-0.4058478,4.004364,0.3202738,-0.4829312,4.027546,0.233038,0.5907553,3.622116,0.0899225,0.06520671,3.928687,0.09801339,0.05885646,3.915,0.1246782,0.5857556,3.459209,0.1959526,0.4892936,3.4994290,0,0,0,0,0,0,0,0,0,0,0,0,0,0,0,0,0,0,0,0,0,0,0,0,0,0,0,0,0,0,0,0,0,0,0,0,0,0,0,0,0,0,0,0,0,0,0,0,0,0,0,0,0,0,0,0,0,0,0,0,0,0,0,0,0,0,0,0,0,0,0,0,0,0
0.2622674,0.196864,3.85457,0.243572,0.4169361,3.723158,0.2230572,0.6268193,3.583914,0.1740116,0.7333806,3.544538,0.09869668,0.5710277,3.681637,0.1046605,0.4029064,3.815606,0.0975548,0.194708,3.887138,0.1009138,0.1310481,3.918688,0.3441796,0.5720595,3.584137,0.3360251,0.4098171,3.610392,0.2215613,0.5072442,3.52161,0.1743334,0.5471727,3.506711,0.2024938,0.2023887,3.87525,0.2088263,-0.08109871,3.940755,0.2635972,-0.4477661,4.091695,0.3091079,-0.5008937,4.019531,0.3173463,0.1894136,3.784286,0.3469725,-0.1139807,3.879006,0.3694124,-0.4078752,4.006259,0.3186823,-0.4787713,4.027486,0.2287739,0.5757099,3.621453,0.1007324,0.07601205,3.931685,0.1138615,0.08898643,3.908167,0.1242559,0.5904431,3.462262,0.1586977,0.5170624,3.4888670,0,0,0,0,0,0,0,0,0,0,0,0,0,0,0,0,0,0,0,0,0,0,0,0,0,0,0,0,0,0,0,0,0,0,0,0,0,0,0,0,0,0,0,0,0,0,0,0,0,0,0,0,0,0,0,0,0,0,0,0,0,0,0,0,0,0,0,0,0,0,0,0,0,0
0.2631284,0.1980452,3.856106,0.2433593,0.416094,3.723822,0.2216346,0.6240343,3.583762,0.1707404,0.7260645,3.541492,0.09898473,0.5722668,3.681724,0.1119939,0.4115258,3.822977,0.1123186,0.2026224,3.893049,0.1066366,0.1387754,3.928857,0.3430356,0.5700883,3.584602,0.3030567,0.3702659,3.58055,0.1868192,0.4573362,3.492975,0.182689,0.5146961,3.514456,0.2038185,0.2041243,3.875287,0.2090031,-0.07950563,3.940528,0.2652725,-0.44485,4.093907,0.2348209,-0.5148375,4.002274,0.3175621,0.189574,3.784551,0.3485836,-0.1148373,3.882473,0.3703611,-0.4128626,4.013753,0.3182745,-0.4754735,4.031118,0.2275847,0.5732753,3.621421,0.1043732,0.08376997,3.953506,0.1272096,0.1096095,3.880833,0.1533667,0.536467,3.478621,0.1573651,0.5338987,3.4620,0,0,0,0,0,0,0,0,0,0,0,0,0,0,0,0,0,0,0,0,0,0,0,0,0,0,0,0,0,0,0,0,0,0,0,0,0,0,0,0,0,0,0,0,0,0,0,0,0,0,0,0,0,0,0,0,0,0,0,0,0,0,0,0,0,0,0,0,0,0,0,0,0,0
0.2634923,0.1991698,3.858974,0.242954,0.4157619,3.72412,0.2198641,0.6229111,3.581777,0.1705079,0.7261845,3.541292,0.09913959,0.5737495,3.676919,0.1115164,0.4156473,3.82083,0.111798,0.2071685,3.892019,0.11178,0.1391659,3.923752,0.3423764,0.5683634,3.585327,0.2992004,0.347205,3.589025,0.16972,0.4103443,3.498862,0.1899231,0.4831672,3.539187,0.2042774,0.2044325,3.87423,0.2387268,-0.133544,3.973519,0.2651854,-0.4201398,4.088487,0.2358281,-0.4908463,3.996989,0.317842,0.192288,3.79369,0.350626,-0.1210317,3.891177,0.3550235,-0.4227685,4.04336,0.3097014,-0.4854004,4.046436,0.2261483,0.5722672,3.620118,0.1059734,0.0828155,3.933656,0.1315448,0.1350183,3.8629,0.1891636,0.4860556,3.525141,0.1645648,0.5025616,3.4867050,0,0,0,0,0,0,0,0,0,0,0,0,0,0,0,0,0,0,0,0,0,0,0,0,0,0,0,0,0,0,0,0,0,0,0,0,0,0,0,0,0,0,0,0,0,0,0,0,0,0,0,0,0,0,0,0,0,0,0,0,0,0,0,0,0,0,0,0,0,0,0,0,0,0
0.2636613,0.2006331,3.859517,0.2428339,0.4154419,3.724051,0.2194019,0.6201212,3.579891,0.1692099,0.7258793,3.541242,0.09758366,0.5763096,3.657041,0.1105918,0.4253149,3.807511,0.1116127,0.2196544,3.885572,0.1119707,0.1586253,3.925982,0.3421631,0.5682551,3.585258,0.2993954,0.3660152,3.588479,0.1831705,0.4530979,3.500901,0.1855156,0.5143161,3.515511,0.204577,0.2074574,3.871751,0.2283738,-0.106919,3.961263,0.2654528,-0.4198461,4.089741,0.2412522,-0.491258,3.997021,0.318019,0.1927677,3.794125,0.3499206,-0.1154208,3.889932,0.3602458,-0.4090485,4.031415,0.3146971,-0.4779197,4.039973,0.2256577,0.5700582,3.618611,0.1013751,0.1050829,3.941755,0.1265735,0.1222636,3.8885,0.1630021,0.5416527,3.481617,0.1577288,0.5351325,3.470,0,0,0,0,0,0,0,0,0,0,0,0,0,0,0,0,0,0,0,0,0,0,0,0,0,0,0,0,0,0,0,0,0,0,0,0,0,0,0,0,0,0,0,0,0,0,0,0,0,0,0,0,0,0,0,0,0,0,0,0,0,0,0,0,0,0,0,0,0,0,0,0,0,0
0.2555237,0.2154336,3.848236,0.2347147,0.4208532,3.702375,0.2112938,0.6185496,3.536061,0.1647305,0.7285041,3.532229,0.08386812,0.6130964,3.567825,0.1013351,0.4775181,3.730615,0.1075421,0.2867831,3.837316,0.1263763,0.2408032,3.873251,0.3389713,0.5657302,3.57368,0.3111569,0.4004005,3.554086,0.2023177,0.5194212,3.468864,0.1643478,0.5510866,3.459882,0.1954204,0.2267839,3.858937,0.2188852,-0.05659499,3.922608,0.2650865,-0.4209488,4.081397,0.2508245,-0.5018505,4.047077,0.3101957,0.2037313,3.777362,0.3480619,-0.1107118,3.882169,0.3685161,-0.4109921,3.994081,0.3124818,-0.4765652,4.019127,0.2170372,0.5702935,3.579948,0.1015225,0.1922293,3.927445,0.1511131,0.1937105,3.804125,0.1319641,0.5887952,3.441693,0.1532547,0.530491,3.4480,0,0,0,0,0,0,0,0,0,0,0,0,0,0,0,0,0,0,0,0,0,0,0,0,0,0,0,0,0,0,0,0,0,0,0,0,0,0,0,0,0,0,0,0,0,0,0,0,0,0,0,0,0,0,0,0,0,0,0,0,0,0,0,0,0,0,0,0,0,0,0,0,0,0
0.2547083,0.2202293,3.848883,0.2353665,0.421399,3.703174,0.2174959,0.6163954,3.544915,0.1643621,0.7299666,3.534475,0.09110174,0.5921217,3.590288,0.105236,0.4596061,3.75548,0.1088138,0.2653432,3.856306,0.1269599,0.2439558,3.869406,0.3385399,0.5678741,3.576531,0.2976775,0.4053626,3.570988,0.185223,0.498048,3.484338,0.1634291,0.5566045,3.500129,0.1952964,0.2264566,3.850166,0.217313,-0.07116176,3.939285,0.2642159,-0.4112208,4.082987,0.2542537,-0.4856637,3.990424,0.3075563,0.2247992,3.795076,0.3477943,-0.1109837,3.883289,0.370007,-0.4178571,4.005437,0.3158593,-0.4696941,4.032281,0.2212938,0.5691253,3.585671,0.1017429,0.1926579,3.936141,0.1513943,0.1940698,3.80419,0.1036643,0.5866089,3.458099,0.1336832,0.5525898,3.4610,0,0,0,0,0,0,0,0,0,0,0,0,0,0,0,0,0,0,0,0,0,0,0,0,0,0,0,0,0,0,0,0,0,0,0,0,0,0,0,0,0,0,0,0,0,0,0,0,0,0,0,0,0,0,0,0,0,0,0,0,0,0,0,0,0,0,0,0,0,0,0,0,0,0
0.2583979,0.2188447,3.849024,0.2364904,0.4218183,3.703337,0.2173325,0.6196165,3.545995,0.1637112,0.7360249,3.542007,0.09094775,0.5922732,3.590526,0.1056003,0.4612804,3.756749,0.1091395,0.2671351,3.857786,0.1252405,0.2404191,3.868306,0.3380607,0.5698851,3.578358,0.3166787,0.4050639,3.586023,0.2029525,0.4957651,3.499023,0.1802576,0.5527666,3.504963,0.1992561,0.2247647,3.852729,0.2174697,-0.07553719,3.942926,0.2642501,-0.4101793,4.084956,0.2551059,-0.4843949,3.992002,0.31711,0.213794,3.785758,0.3458778,-0.1191065,3.889677,0.369022,-0.4210626,4.009525,0.3177637,-0.468627,4.032065,0.2217238,0.5709922,3.586505,0.09944708,0.1934054,3.935791,0.149512,0.1949538,3.805197,0.1155743,0.5882304,3.463891,0.1406841,0.5571067,3.4735460,0,0,0,0,0,0,0,0,0,0,0,0,0,0,0,0,0,0,0,0,0,0,0,0,0,0,0,0,0,0,0,0,0,0,0,0,0,0,0,0,0,0,0,0,0,0,0,0,0,0,0,0,0,0,0,0,0,0,0,0,0,0,0,0,0,0,0,0,0,0,0,0,0,0
0.2584423,0.2188576,3.848913,0.2368307,0.4262336,3.702915,0.2162292,0.6379982,3.546644,0.1648765,0.740041,3.545476,0.096738,0.5989019,3.604378,0.1080984,0.4618158,3.766452,0.1099227,0.2651229,3.863025,0.1220125,0.2405112,3.86891,0.3377178,0.5719711,3.580236,0.3188865,0.4067637,3.587266,0.2041435,0.4960329,3.500071,0.1893396,0.5538971,3.503155,0.1992271,0.2245638,3.853056,0.2169913,-0.0753314,3.942366,0.2642924,-0.4106829,4.085345,0.2505923,-0.4840552,3.992058,0.3167975,0.2134775,3.783695,0.3467682,-0.1166665,3.888194,0.3711989,-0.4187213,4.012644,0.3219394,-0.4669626,4.033001,0.2214171,0.5848055,3.587123,0.09660687,0.1917012,3.931246,0.1448616,0.1948714,3.806057,0.1306822,0.5831779,3.465765,0.1673417,0.5346955,3.4866920,0,0,0,0,0,0,0,0,0,0,0,0,0,0,0,0,0,0,0,0,0,0,0,0,0,0,0,0,0,0,0,0,0,0,0,0,0,0,0,0,0,0,0,0,0,0,0,0,0,0,0,0,0,0,0,0,0,0,0,0,0,0,0,0,0,0,0,0,0,0,0,0,0,0
0.2584121,0.2182975,3.848628,0.237472,0.4266446,3.703571,0.2185043,0.6386312,3.55019,0.1663455,0.7456759,3.552133,0.1006523,0.5834899,3.625836,0.1007438,0.4724578,3.804994,0.1069918,0.2898104,3.883115,0.1061489,0.2391112,3.887754,0.3382789,0.5738438,3.582738,0.3286241,0.4096487,3.600178,0.2166526,0.5408569,3.504839,0.1821502,0.5857505,3.50061,0.1988229,0.2236944,3.852646,0.2163022,-0.07511624,3.940969,0.2650397,-0.4115561,4.086641,0.2485608,-0.4845231,3.99345,0.316642,0.2122225,3.783282,0.3472111,-0.1119722,3.884605,0.3725174,-0.4202919,4.015684,0.3211299,-0.4649374,4.037315,0.2232893,0.5856786,3.589983,0.0930759,0.1828963,3.934247,0.1250786,0.2017213,3.816167,0.132241,0.635058,3.466404,0.1525254,0.5769908,3.4765830,0,0,0,0,0,0,0,0,0,0,0,0,0,0,0,0,0,0,0,0,0,0,0,0,0,0,0,0,0,0,0,0,0,0,0,0,0,0,0,0,0,0,0,0,0,0,0,0,0,0,0,0,0,0,0,0,0,0,0,0,0,0,0,0,0,0,0,0,0,0,0,0,0,0
0.2569706,0.2165872,3.845702,0.2377281,0.4278913,3.703042,0.2202457,0.642592,3.550996,0.170557,0.7510483,3.553349,0.1042204,0.5759392,3.646169,0.1006278,0.4548128,3.819357,0.09750018,0.2535821,3.90709,0.08943271,0.1957473,3.937598,0.3386523,0.5742696,3.583156,0.2715661,0.4050101,3.545377,0.155404,0.4919774,3.457798,0.1721525,0.5669609,3.499242,0.1970318,0.220324,3.849916,0.2030787,-0.0623331,3.918201,0.2628291,-0.4195674,4.087399,0.2988381,-0.4925726,4.057315,0.3143642,0.2109078,3.779395,0.3478168,-0.1095853,3.879774,0.3730136,-0.4206606,4.015253,0.3204861,-0.4654388,4.035185,0.2246036,0.5890738,3.590441,0.08985433,0.1385733,3.948919,0.09283879,0.1662079,3.923625,0.1584627,0.5756875,3.487101,0.1565801,0.57208,3.4765520,0,0,0,0,0,0,0,0,0,0,0,0,0,0,0,0,0,0,0,0,0,0,0,0,0,0,0,0,0,0,0,0,0,0,0,0,0,0,0,0,0,0,0,0,0,0,0,0,0,0,0,0,0,0,0,0,0,0,0,0,0,0,0,0,0,0,0,0,0,0,0,0,0,0
0.25549,0.2118526,3.840486,0.2383863,0.4302771,3.701156,0.2236275,0.6542928,3.550004,0.172668,0.7529938,3.554868,0.1108632,0.5646501,3.68489,0.1049893,0.4190263,3.840318,0.09658476,0.2306438,3.917456,0.08300886,0.1753135,3.933453,0.3383146,0.5761527,3.582808,0.2712519,0.4051052,3.544629,0.1550905,0.492072,3.457049,0.171199,0.5741656,3.487776,0.1963831,0.2129208,3.844095,0.2025328,-0.06663479,3.920182,0.2619534,-0.4246185,4.087982,0.2804571,-0.5033048,4.047257,0.3115439,0.2075642,3.774554,0.3457254,-0.1067835,3.871439,0.3540184,-0.4196692,4.023297,0.3147258,-0.482935,4.031937,0.2271699,0.5980536,3.58917,0.0881978,0.1135426,3.954755,0.09421739,0.1512951,3.906334,0.1576335,0.5821413,3.469096,0.1571293,0.5802793,3.4580,0,0,0,0,0,0,0,0,0,0,0,0,0,0,0,0,0,0,0,0,0,0,0,0,0,0,0,0,0,0,0,0,0,0,0,0,0,0,0,0,0,0,0,0,0,0,0,0,0,0,0,0,0,0,0,0,0,0,0,0,0,0,0,0,0,0,0,0,0,0,0,0,0,0
0.2526486,0.211485,3.837149,0.2381353,0.4310817,3.701124,0.2243694,0.6552854,3.553419,0.1806853,0.7597724,3.557351,0.1116587,0.5688236,3.68611,0.1045723,0.4200336,3.83884,0.09470288,0.2303928,3.914613,0.08180819,0.1681843,3.926978,0.3390871,0.5815341,3.584283,0.2715181,0.4051622,3.544351,0.1553558,0.4921288,3.456771,0.1778827,0.5674074,3.494615,0.1943793,0.2120346,3.841069,0.2245602,-0.1315792,3.950088,0.2627724,-0.4135925,4.083642,0.231274,-0.4834577,3.992083,0.3073517,0.2077629,3.771089,0.3465588,-0.1029455,3.864664,0.3639184,-0.4226241,4.015699,0.3157049,-0.4766119,4.029425,0.2275903,0.5992568,3.591445,0.08246088,0.1131078,3.939589,0.09252467,0.1399967,3.9096,0.1643017,0.5754018,3.475932,0.1630014,0.5736255,3.4651980,0,0,0,0,0,0,0,0,0,0,0,0,0,0,0,0,0,0,0,0,0,0,0,0,0,0,0,0,0,0,0,0,0,0,0,0,0,0,0,0,0,0,0,0,0,0,0,0,0,0,0,0,0,0,0,0,0,0,0,0,0,0,0,0,0,0,0,0,0,0,0,0,0,0
0.2504312,0.2118512,3.834012,0.2369009,0.4333524,3.702043,0.2225438,0.6594991,3.563134,0.1836753,0.7639232,3.561158,0.1102543,0.5749668,3.694629,0.1051618,0.4179358,3.839988,0.09305185,0.2305039,3.906641,0.07580119,0.1836103,3.912205,0.3388125,0.5806355,3.584867,0.271547,0.4051955,3.544839,0.1553847,0.4921622,3.45726,0.1169142,0.5215376,3.431406,0.1937723,0.2120075,3.839593,0.2235167,-0.1304019,3.948936,0.2603026,-0.4128529,4.084771,0.2870921,-0.4879148,4.037478,0.3024704,0.2087262,3.765957,0.3375765,-0.07240644,3.831721,0.3640712,-0.4259161,4.01555,0.3135232,-0.4761079,4.031507,0.2259708,0.6033365,3.598623,0.08191161,0.1123518,3.913255,0.08881347,0.1720491,3.881429,0.1034745,0.5296177,3.412704,0.1031372,0.5278914,3.401580,0,0,0,0,0,0,0,0,0,0,0,0,0,0,0,0,0,0,0,0,0,0,0,0,0,0,0,0,0,0,0,0,0,0,0,0,0,0,0,0,0,0,0,0,0,0,0,0,0,0,0,0,0,0,0,0,0,0,0,0,0,0,0,0,0,0,0,0,0,0,0,0,0,0
0.2476031,0.2094114,3.830884,0.2364468,0.4344028,3.703602,0.224903,0.6641884,3.574706,0.1873799,0.770101,3.563424,0.1068935,0.5826571,3.709654,0.1016866,0.4154114,3.844656,0.08894233,0.2338975,3.901314,0.07242107,0.1752376,3.907592,0.3390227,0.5817162,3.587991,0.2489878,0.4066958,3.536436,0.132883,0.4936563,3.448849,0.09441115,0.5230321,3.422993,0.1910613,0.2089769,3.835259,0.2221717,-0.1315176,3.948787,0.260451,-0.4142739,4.084726,0.2212159,-0.4810315,3.993789,0.2998916,0.2067839,3.76422,0.3441376,-0.09787568,3.850394,0.3572693,-0.4330398,4.029724,0.3036081,-0.4871293,4.03657,0.2274071,0.6072081,3.607713,0.06844795,0.1255974,3.909005,0.08129244,0.1586522,3.884445,0.08102646,0.5311053,3.40429,0.08076169,0.5293697,3.3931660,0,0,0,0,0,0,0,0,0,0,0,0,0,0,0,0,0,0,0,0,0,0,0,0,0,0,0,0,0,0,0,0,0,0,0,0,0,0,0,0,0,0,0,0,0,0,0,0,0,0,0,0,0,0,0,0,0,0,0,0,0,0,0,0,0,0,0,0,0,0,0,0,0,0
0.2436036,0.2067186,3.829723,0.2363347,0.4345556,3.706001,0.2296444,0.6644534,3.581836,0.1889272,0.7698294,3.565638,0.1071621,0.5820177,3.70852,0.09710057,0.407286,3.83473,0.06608677,0.193019,3.881537,0.06533013,0.1308342,3.902776,0.3393624,0.5809716,3.588576,0.2654944,0.4075242,3.550702,0.1493507,0.4944852,3.463121,0.1108803,0.5238603,3.437267,0.1875139,0.2060719,3.83303,0.2204943,-0.1309858,3.947417,0.26061,-0.4178136,4.080866,0.2213195,-0.4837084,3.989021,0.2954083,0.2041274,3.76437,0.3429946,-0.09810418,3.850696,0.3561757,-0.4272016,4.02522,0.3080198,-0.4836042,4.035528,0.2308302,0.6075538,3.614103,0.07111961,0.07479341,3.908258,0.08220712,0.1133551,3.88191,0.09505272,0.5320048,3.419222,0.09713894,0.5302059,3.407440,0,0,0,0,0,0,0,0,0,0,0,0,0,0,0,0,0,0,0,0,0,0,0,0,0,0,0,0,0,0,0,0,0,0,0,0,0,0,0,0,0,0,0,0,0,0,0,0,0,0,0,0,0,0,0,0,0,0,0,0,0,0,0,0,0,0,0,0,0,0,0,0,0,0
0.2409983,0.203075,3.828494,0.2360477,0.4331337,3.70902,0.2316333,0.6622853,3.588812,0.1895349,0.770183,3.566867,0.1066391,0.5806124,3.709236,0.0961161,0.4053544,3.834769,0.06456789,0.1977819,3.879964,0.05996767,0.1318589,3.894838,0.3396029,0.5802232,3.589221,0.2714167,0.4113295,3.559864,0.1552609,0.4982817,3.472285,0.1487675,0.60351,3.483587,0.1842815,0.2028827,3.829566,0.2179652,-0.128505,3.944729,0.2608293,-0.418216,4.08084,0.2213147,-0.4834245,3.988381,0.2930915,0.1994031,3.765275,0.3416671,-0.09892068,3.851357,0.3473108,-0.4259165,4.02893,0.3071367,-0.4910349,3.936529,0.2323636,0.605566,3.620362,0.05193093,0.08237165,3.912659,0.07789946,0.122881,3.8741,0.1352565,0.6114141,3.464916,0.1348239,0.6094585,3.4538330,0,0,0,0,0,0,0,0,0,0,0,0,0,0,0,0,0,0,0,0,0,0,0,0,0,0,0,0,0,0,0,0,0,0,0,0,0,0,0,0,0,0,0,0,0,0,0,0,0,0,0,0,0,0,0,0,0,0,0,0,0,0,0,0,0,0,0,0,0,0,0,0,0,0
0.2384372,0.2022814,3.830812,0.2354974,0.434095,3.717372,0.234346,0.6641738,3.599575,0.1910089,0.7711746,3.573437,0.1019198,0.5831106,3.720646,0.09514041,0.4014238,3.838239,0.06515144,0.2011602,3.879257,0.05564097,0.1337985,3.886995,0.3398549,0.5794262,3.591269,0.2771498,0.4136858,3.573167,0.1609753,0.5006405,3.485585,0.1665911,0.5884176,3.514888,0.1829445,0.202136,3.829602,0.2174051,-0.1283423,3.944889,0.2584707,-0.4137308,4.084987,0.2213092,-0.4450954,4.159073,0.2885809,0.1989662,3.772869,0.3413564,-0.09895404,3.852937,0.3584996,-0.4219624,4.018415,0.3224317,-0.4776563,4.040123,0.2344399,0.6072956,3.630824,0.04793686,0.08426104,3.88683,0.07816743,0.1029036,3.86125,0.1491732,0.6051558,3.493087,0.1486998,0.6032351,3.4820,0,0,0,0,0,0,0,0,0,0,0,0,0,0,0,0,0,0,0,0,0,0,0,0,0,0,0,0,0,0,0,0,0,0,0,0,0,0,0,0,0,0,0,0,0,0,0,0,0,0,0,0,0,0,0,0,0,0,0,0,0,0,0,0,0,0,0,0,0,0,0,0,0,0
0.2368053,0.2016295,3.829661,0.2352283,0.4342427,3.717377,0.2342224,0.6645259,3.599591,0.192247,0.7734272,3.571887,0.1019962,0.5830889,3.720087,0.0937246,0.400552,3.836487,0.06023913,0.2072355,3.872056,0.04901899,0.1496587,3.876258,0.3418932,0.5799239,3.592792,0.2766828,0.4111306,3.571621,0.1604998,0.4980988,3.484033,0.1691064,0.5852062,3.510403,0.1806638,0.2012614,3.827362,0.2165671,-0.1289061,3.944796,0.2568558,-0.4170122,4.085924,0.2156969,-0.4811596,3.993329,0.2877313,0.1985433,3.772125,0.3404833,-0.09962986,3.85314,0.3511095,-0.420899,4.022254,0.3092275,-0.4849759,3.929721,0.2343128,0.607581,3.630845,0.03612408,0.0929289,3.884008,0.05716934,0.1233648,3.849222,0.1539642,0.5957483,3.493591,0.148924,0.5946298,3.4870,0,0,0,0,0,0,0,0,0,0,0,0,0,0,0,0,0,0,0,0,0,0,0,0,0,0,0,0,0,0,0,0,0,0,0,0,0,0,0,0,0,0,0,0,0,0,0,0,0,0,0,0,0,0,0,0,0,0,0,0,0,0,0,0,0,0,0,0,0,0,0,0,0,0
0.2359321,0.2003738,3.828554,0.2349267,0.4341521,3.717693,0.233658,0.6649245,3.601012,0.1940089,0.7762554,3.57139,0.1019229,0.5825434,3.71978,0.09279386,0.3989198,3.834661,0.05804053,0.2102897,3.866975,0.04808744,0.1529923,3.859129,0.3423877,0.5801938,3.593042,0.2775023,0.417219,3.564474,0.1613082,0.5041746,3.476882,0.1604575,0.5888571,3.497495,0.179858,0.2002968,3.826098,0.2118765,-0.1245556,3.941649,0.2574575,-0.4236091,4.083946,0.2164767,-0.4875484,3.991073,0.2870584,0.1969856,3.770825,0.3398587,-0.1002279,3.853294,0.3498639,-0.4211658,4.022518,0.3067275,-0.4821053,4.038397,0.2338696,0.6078168,3.631907,0.03858523,0.08978555,3.863258,0.06338242,0.1392424,3.8288,0.1344877,0.6034389,3.483089,0.129517,0.6023889,3.4770,0,0,0,0,0,0,0,0,0,0,0,0,0,0,0,0,0,0,0,0,0,0,0,0,0,0,0,0,0,0,0,0,0,0,0,0,0,0,0,0,0,0,0,0,0,0,0,0,0,0,0,0,0,0,0,0,0,0,0,0,0,0,0,0,0,0,0,0,0,0,0,0,0,0
0.2345058,0.2011832,3.82646,0.2338051,0.4345736,3.717816,0.2317398,0.6650035,3.602448,0.1952009,0.7774721,3.572043,0.1010799,0.5839167,3.718729,0.09115335,0.3993471,3.832276,0.06204706,0.2171723,3.856118,0.05162049,0.1520678,3.852302,0.3433039,0.5813947,3.595343,0.3210994,0.4053963,3.561152,0.2047803,0.4923906,3.473571,0.1933848,0.5503384,3.509393,0.1787823,0.2006803,3.824543,0.2118296,-0.1252967,3.941487,0.2599454,-0.4285214,4.081423,0.2847073,-0.5053346,4.040551,0.2854964,0.1984428,3.767653,0.3394317,-0.1004386,3.853202,0.3454489,-0.4218924,4.026334,0.3072259,-0.4850607,4.036043,0.2322767,0.6080284,3.632941,0.04026712,0.09312286,3.855592,0.07200194,0.1215797,3.831111,0.1643306,0.5677224,3.477103,0.1667241,0.5666602,3.4610,0,0,0,0,0,0,0,0,0,0,0,0,0,0,0,0,0,0,0,0,0,0,0,0,0,0,0,0,0,0,0,0,0,0,0,0,0,0,0,0,0,0,0,0,0,0,0,0,0,0,0,0,0,0,0,0,0,0,0,0,0,0,0,0,0,0,0,0,0,0,0,0,0,0
0.2334062,0.2019642,3.82622,0.231643,0.4361423,3.720324,0.2283616,0.6670413,3.609053,0.1968849,0.7801705,3.57652,0.09753515,0.5851904,3.718615,0.08800504,0.4016224,3.831421,0.06062413,0.2166399,3.856769,0.04778336,0.153025,3.855369,0.3450239,0.5834062,3.599558,0.3244324,0.4063565,3.564806,0.2081028,0.4933514,3.477224,0.1827182,0.5410476,3.501894,0.1779038,0.2010861,3.823889,0.2094189,-0.1198746,3.938982,0.2584649,-0.4135915,4.078828,0.2200815,-0.4774297,3.984229,0.2842668,0.1997171,3.767785,0.3392249,-0.1003235,3.853279,0.3413922,-0.4197413,4.028686,0.3023762,-0.4835021,3.934142,0.2292393,0.6100031,3.638465,0.03687152,0.09334854,3.865258,0.05787192,0.1072441,3.841428,0.1478867,0.5668628,3.462104,0.1472791,0.5692429,3.4480,0,0,0,0,0,0,0,0,0,0,0,0,0,0,0,0,0,0,0,0,0,0,0,0,0,0,0,0,0,0,0,0,0,0,0,0,0,0,0,0,0,0,0,0,0,0,0,0,0,0,0,0,0,0,0,0,0,0,0,0,0,0,0,0,0,0,0,0,0,0,0,0,0,0
0.2326289,0.2025322,3.824648,0.230673,0.4371615,3.721084,0.2265291,0.6692182,3.612786,0.1965094,0.782124,3.579062,0.09739647,0.5851215,3.71784,0.08776523,0.4049192,3.828958,0.0597809,0.217308,3.853391,0.04685548,0.1517935,3.855287,0.3448119,0.5855807,3.600719,0.3335635,0.4035178,3.570324,0.2067409,0.4821264,3.469789,0.1681062,0.5308124,3.487962,0.1759341,0.2022585,3.817183,0.1875901,-0.07097502,3.907071,0.2557376,-0.4225467,4.084098,0.2179018,-0.4860835,3.988966,0.2841392,0.1998927,3.767837,0.3385953,-0.1005321,3.853397,0.356511,-0.4240022,4.014056,0.3117691,-0.4787701,4.030111,0.2276454,0.6118758,3.641361,0.03509349,0.09160788,3.865925,0.08725652,0.1749858,3.813286,0.1465699,0.5505393,3.467947,0.1474898,0.5449306,3.4523330,0,0,0,0,0,0,0,0,0,0,0,0,0,0,0,0,0,0,0,0,0,0,0,0,0,0,0,0,0,0,0,0,0,0,0,0,0,0,0,0,0,0,0,0,0,0,0,0,0,0,0,0,0,0,0,0,0,0,0,0,0,0,0,0,0,0,0,0,0,0,0,0,0,0
0.2304401,0.2067465,3.822935,0.2286943,0.4403307,3.723123,0.2248292,0.6713324,3.617512,0.1963362,0.7844851,3.584794,0.09664079,0.6194959,3.695283,0.08856881,0.434363,3.808459,0.05909008,0.2189983,3.85252,0.04535756,0.1435888,3.860992,0.3451128,0.5873309,3.603158,0.3580099,0.4004005,3.595099,0.2360715,0.4561292,3.48916,0.1841015,0.477291,3.498581,0.173195,0.2077611,3.814558,0.1981844,-0.09614902,3.923497,0.2540601,-0.4160551,4.08229,0.2200478,-0.4797153,3.98527,0.2829896,0.2025424,3.767653,0.33827,-0.1007415,3.853675,0.3532603,-0.419936,4.01753,0.3118612,-0.4792888,4.030417,0.2258856,0.6142895,3.645467,0.04041987,0.0828996,3.870425,0.0636212,0.1019067,3.8462,0.1463996,0.496305,3.462471,0.1537311,0.5008183,3.4503330,0,0,0,0,0,0,0,0,0,0,0,0,0,0,0,0,0,0,0,0,0,0,0,0,0,0,0,0,0,0,0,0,0,0,0,0,0,0,0,0,0,0,0,0,0,0,0,0,0,0,0,0,0,0,0,0,0,0,0,0,0,0,0,0,0,0,0,0,0,0,0,0,0,0
0.2295715,0.2112334,3.81522,0.2277286,0.4419647,3.72248,0.2235341,0.672131,3.619117,0.1964722,0.7851921,3.584651,0.09728546,0.6181785,3.693508,0.08369413,0.4322349,3.805082,0.05675626,0.2174952,3.852756,0.04105575,0.1438383,3.856369,0.3447954,0.5876725,3.602297,0.3673591,0.4015484,3.592075,0.1897938,0.4203454,3.488474,0.1458942,0.4349549,3.466886,0.1728633,0.2128678,3.804708,0.1982849,-0.09633523,3.923027,0.2539353,-0.4164062,4.081583,0.2197266,-0.4592285,4.125,0.2821878,0.2059263,3.763181,0.3370507,-0.101491,3.85164,0.3515078,-0.420439,4.017254,0.3089578,-0.4802425,4.02836,0.2248156,0.6151942,3.646437,0.03502534,0.08093067,3.860759,0.05009885,0.1021671,3.83425,0.1136426,0.445645,3.471498,0.1535622,0.4256856,3.4321820,0,0,0,0,0,0,0,0,0,0,0,0,0,0,0,0,0,0,0,0,0,0,0,0,0,0,0,0,0,0,0,0,0,0,0,0,0,0,0,0,0,0,0,0,0,0,0,0,0,0,0,0,0,0,0,0,0,0,0,0,0,0,0,0,0,0,0,0,0,0,0,0,0,0
0.2289509,0.2110126,3.81497,0.2269959,0.4423979,3.722979,0.2227405,0.6730297,3.62136,0.1967832,0.7862219,3.588009,0.09727558,0.6181347,3.693619,0.08275149,0.4314643,3.804045,0.0534848,0.218172,3.85575,0.03630638,0.1453009,3.867124,0.345235,0.587953,3.603781,0.3930654,0.4099458,3.617306,0.1954321,0.3543178,3.517926,0.1489337,0.3579548,3.476592,0.1719507,0.2123602,3.803996,0.2018126,-0.1111137,3.930829,0.2537171,-0.4162993,4.081513,0.2203667,-0.4793983,3.983637,0.2818034,0.2059042,3.763307,0.3367698,-0.1012066,3.851318,0.337447,-0.412933,4.023415,0.3034534,-0.476018,3.925587,0.2239698,0.6160018,3.648263,0.03014298,0.09190286,3.863458,0.05484075,0.120714,3.840714,0.1203022,0.3613542,3.479945,0.1669088,0.3509912,3.4422730,0,0,0,0,0,0,0,0,0,0,0,0,0,0,0,0,0,0,0,0,0,0,0,0,0,0,0,0,0,0,0,0,0,0,0,0,0,0,0,0,0,0,0,0,0,0,0,0,0,0,0,0,0,0,0,0,0,0,0,0,0,0,0,0,0,0,0,0,0,0,0,0,0,0
0.2279078,0.210164,3.81472,0.2263748,0.4424753,3.723242,0.2223663,0.6733866,3.62215,0.1969806,0.7866846,3.588266,0.09859817,0.6148852,3.692901,0.08279446,0.4294036,3.804868,0.04623873,0.2175752,3.852147,0.03048925,0.1386171,3.875519,0.3448684,0.5889859,3.603339,0.3962801,0.4096008,3.618386,0.2887073,0.2952431,3.554123,0.2137488,0.2771817,3.508266,0.1708958,0.2109954,3.802765,0.2015277,-0.1104845,3.930277,0.2546764,-0.4212094,4.081221,0.2215566,-0.4841988,3.983171,0.2805762,0.2053333,3.764039,0.3354533,-0.1010209,3.850464,0.344111,-0.4198222,4.022769,0.310306,-0.4827828,3.924773,0.223513,0.6162961,3.648967,0.03123831,0.08421721,3.88483,0.04157742,0.1076702,3.858572,0.1643656,0.2600432,3.485018,0.1997295,0.2713002,3.4654290,0,0,0,0,0,0,0,0,0,0,0,0,0,0,0,0,0,0,0,0,0,0,0,0,0,0,0,0,0,0,0,0,0,0,0,0,0,0,0,0,0,0,0,0,0,0,0,0,0,0,0,0,0,0,0,0,0,0,0,0,0,0,0,0,0,0,0,0,0,0,0,0,0,0
0.2275252,0.2083788,3.815516,0.2256904,0.4424706,3.725969,0.2215857,0.6756077,3.629448,0.1965459,0.7925984,3.596139,0.09792913,0.6119412,3.697371,0.08219237,0.4265118,3.809392,0.04062479,0.2174571,3.859636,0.02683219,0.1432466,3.882206,0.3434661,0.5905274,3.608303,0.4094679,0.412531,3.647386,0.3058813,0.2548192,3.595946,0.2436946,0.2115576,3.575959,0.1702823,0.2086999,3.802474,0.2011604,-0.1097085,3.92941,0.253302,-0.4197008,4.081901,0.2205388,-0.4823118,3.983317,0.2804926,0.2036396,3.766715,0.3351378,-0.101313,3.85173,0.3441477,-0.4204582,4.023891,0.3049689,-0.4830101,4.033756,0.2227105,0.6178492,3.655126,0.02900171,0.08997412,3.888887,0.04128944,0.1295045,3.86825,0.2055139,0.177229,3.525784,0.2531294,0.2079335,3.5262670,0,0,0,0,0,0,0,0,0,0,0,0,0,0,0,0,0,0,0,0,0,0,0,0,0,0,0,0,0,0,0,0,0,0,0,0,0,0,0,0,0,0,0,0,0,0,0,0,0,0,0,0,0,0,0,0,0,0,0,0,0,0,0,0,0,0,0,0,0,0,0,0,0,0
0.2228219,0.2042581,3.812755,0.2237245,0.4423257,3.725867,0.220615,0.6766497,3.630065,0.1971887,0.7923862,3.597273,0.09858185,0.6100429,3.697645,0.08187384,0.4250791,3.810194,0.04078569,0.2191743,3.86202,0.02208814,0.1556375,3.881712,0.3434064,0.5903752,3.608462,0.408866,0.4124821,3.64918,0.3348999,0.204645,3.598751,0.2945481,0.1478038,3.592923,0.1644767,0.205446,3.798341,0.2041599,-0.1203569,3.932766,0.2529537,-0.4194718,4.081256,0.2201394,-0.4817397,3.982368,0.2771065,0.1992892,3.76533,0.3247406,-0.08212237,3.82442,0.3495008,-0.4299192,4.018375,0.3082444,-0.4811919,4.041189,0.2215984,0.6186015,3.655606,0.01965487,0.1030012,3.883258,0.03541994,0.1405035,3.8635,0.2708499,0.0940286,3.560392,0.3001177,0.1558546,3.5448420,0,0,0,0,0,0,0,0,0,0,0,0,0,0,0,0,0,0,0,0,0,0,0,0,0,0,0,0,0,0,0,0,0,0,0,0,0,0,0,0,0,0,0,0,0,0,0,0,0,0,0,0,0,0,0,0,0,0,0,0,0,0,0,0,0,0,0,0,0,0,0,0,0,0
0.2216561,0.2036804,3.811926,0.2230682,0.4424825,3.72617,0.220442,0.6776329,3.631827,0.1968789,0.7937087,3.59916,0.09710063,0.6112018,3.706337,0.0815286,0.4230684,3.814419,0.03961563,0.224544,3.86624,0.01963405,0.1538449,3.890104,0.342064,0.5908816,3.609206,0.4018115,0.3950896,3.6591,0.3641489,0.2027514,3.636782,0.3462086,0.1407087,3.619485,0.1638083,0.2051739,3.79795,0.2020501,-0.1159012,3.929305,0.2541416,-0.4196953,4.079513,0.2189392,-0.481554,3.981354,0.275549,0.1984735,3.764093,0.3246497,-0.1100257,3.850405,0.344625,-0.4201793,4.021608,0.3090096,-0.4861306,4.028739,0.2212299,0.6193416,3.656933,0.02293862,0.1012821,3.899008,0.03514209,0.1392178,3.873,0.3338437,0.06708052,3.593544,0.3562245,0.1048255,3.58530,0,0,0,0,0,0,0,0,0,0,0,0,0,0,0,0,0,0,0,0,0,0,0,0,0,0,0,0,0,0,0,0,0,0,0,0,0,0,0,0,0,0,0,0,0,0,0,0,0,0,0,0,0,0,0,0,0,0,0,0,0,0,0,0,0,0,0,0,0,0,0,0,0,0
